model_name,paper_title,bibtex_key,publication_year,publication_type,venue,authors,first_author,doi,doi_url,paper_url,github_repositories,github_repository_roles,other_code_repositories,categories,secondary_tags,summary,citation_count_openalex_2026_08_06,word_cloud_weight,task_context_transfer_status,task_context_transfer_evidence,task_unseen_genetic_status,task_unseen_genetic_evidence,task_unseen_chemical_status,task_unseen_chemical_evidence,task_genetic_combinations_status,task_genetic_combinations_evidence,task_genetic_combinations_datasets,task_chemical_combinations_status,task_chemical_combinations_evidence,task_chemical_combinations_datasets,scperturbench_context_transfer_evaluated,scperturbench_unseen_genetic_evaluated,scperturbench_unseen_chemical_evaluated,scperturbench_genetic_combinations_evaluated,scperturbench_chemical_combinations_evaluated,local_pdf_path,local_markdown_path,local_text_path,bibliography_source,paper_yaml_path,inventory_selection_rule,inventory_source_notebook
AdaPert,Learning Adaptive Perturbation-Conditioned Contexts for Robust Transcriptional Response Prediction,adaPert,2026,article,arXiv,"Piao, Yinhua and Kim, Hyomin and Kim, Seonghwan and Oh, Yunhak and Jeon, Junhyeok and Hwang, Sang-Yeon and Lim, Jaechang and Kim, Woo Youn and Park, Chanyoung and Ahn, Sungsoo","Piao, Yinhua",10.48550/arXiv.2602.18885,https://doi.org/10.48550/arXiv.2602.18885,https://doi.org/10.48550/arXiv.2602.18885,,,,model_paper,perturbation_response_modeling; single_cell_rna_seq,,0,1.0,not_established,Available local metadata does not establish this capability.,scope_only,"Paper addresses genetic perturbations, but local metadata does not establish held-out-perturbation evaluation.",not_established,Available local metadata does not establish this capability.,not_established,Available local metadata does not establish this capability.,,not_established,Available local metadata does not establish this capability.,,False,False,False,False,False,metrics-db/pdfs/adaPert.pdf,metrics-db/extracted_markdown/adaPert.md,metrics-db/extracted_text/adaPert.txt,metrics-db/bib/papers.bib,metrics-db/data/papers/adaPert.yaml,Notebook word-cloud filter: category=model_paper; tags include perturbation_response_modeling and single_cell_rna_seq; notebook exclusions applied,notebooks/metric_benchmark_correlations_dataframe.ipynb
ALIGNED,Adaptive Data-Knowledge Alignment in Genetic Perturbation Prediction,aligned,2025,inproceedings,The Fourteenth International Conference on Learning Representations,"Xiang, Yuanfang and Ai, Lun","Xiang, Yuanfang",,,,https://github.com/yfxiang0112/Aligned,https://github.com/yfxiang0112/Aligned (reproducibility),,model_paper,perturbation_response_modeling; single_cell_rna_seq,,0,1.0,not_established,Available local metadata does not establish this capability.,scope_only,"Paper addresses genetic perturbations, but local metadata does not establish held-out-perturbation evaluation.",not_established,Available local metadata does not establish this capability.,directly_evaluated,Paper evaluates unseen double-gene perturbations.,Norman2019,not_established,Available local metadata does not establish this capability.,,False,False,False,False,False,metrics-db/pdfs/aligned.pdf,metrics-db/extracted_markdown/aligned.md,,metrics-db/bib/papers.bib,metrics-db/data/papers/aligned.yaml,Notebook word-cloud filter: category=model_paper; tags include perturbation_response_modeling and single_cell_rna_seq; notebook exclusions applied,notebooks/metric_benchmark_correlations_dataframe.ipynb
AlphaCell,Towards Building a World Model to Simulate Perturbation-Induced Cellular Dynamics by AlphaCell,alphaCell,2026,article,bioRxiv,"Chuai, Guohui and Chen, Xiaohan and Yang, Xingbo and Zhang, Cheng and Qu, Kairu and Wang, Yiheng and Li, Wannian and Yang, Jingya and Si, Duanmiao and Xing, Feiyang and Gao, Yicheng and Wu, Siqi and Fu, Shaliu and He, Bing and Liu, Qi","Chuai, Guohui",10.64898/2026.03.02.709176,https://doi.org/10.64898/2026.03.02.709176,https://doi.org/10.64898/2026.03.02.709176,,,,model_paper,perturbation_response_modeling; single_cell_rna_seq,,4,2.60943791,not_established,Available local metadata does not establish this capability.,not_established,Available local metadata does not establish this capability.,not_established,Available local metadata does not establish this capability.,not_established,Available local metadata does not establish this capability.,,not_established,Available local metadata does not establish this capability.,,False,False,False,False,False,metrics-db/pdfs/alphaCell.pdf,metrics-db/extracted_markdown/alphaCell.md,metrics-db/extracted_text/alphaCell.txt,metrics-db/bib/papers.bib,metrics-db/data/papers/alphaCell.yaml,Notebook word-cloud filter: category=model_paper; tags include perturbation_response_modeling and single_cell_rna_seq; notebook exclusions applied,notebooks/metric_benchmark_correlations_dataframe.ipynb
Ambrosia,In Silico Design of Epigenetic Reprogramming Payloads,ambrosia,2025,inproceedings,ICML 2025 Generative AI and Biology (GenBio) Workshop,"Seninge, Lucas and Kummerlowe, Conner Samuel and Reynolds, David L. and Bernstein, Nicholas and Kimmel, Jacob C.","Seninge, Lucas",,,https://icml.cc/virtual/2025/workshop/39968,,,,model_paper,perturbation_response_modeling; single_cell_rna_seq,,0,1.0,not_established,Available local metadata does not establish this capability.,not_established,Available local metadata does not establish this capability.,not_established,Available local metadata does not establish this capability.,directly_evaluated,Paper evaluates combinatorial transcription-factor payload prediction.,Norman2019; combinatorial TF reprogramming screen,not_established,Available local metadata does not establish this capability.,,False,False,False,False,False,metrics-db/pdfs/ambrosia.pdf,metrics-db/extracted_markdown/ambrosia.md,metrics-db/extracted_text/ambrosia.txt,metrics-db/bib/papers.bib,metrics-db/data/papers/ambrosia.yaml,Notebook word-cloud filter: category=model_paper; tags include perturbation_response_modeling and single_cell_rna_seq; notebook exclusions applied,notebooks/metric_benchmark_correlations_dataframe.ipynb
ARTEMIS,"ARTEMIS Integrates Autoencoders and Schrödinger Bridges to Predict Continuous Dynamics of Gene Expression, Cell Population and Perturbation from Time-Series Single-Cell Data",artemis,2025,article,bioRxiv,"Alatkar, Sayali Anil and Wang, Daifeng","Alatkar, Sayali Anil",10.1101/2025.01.23.634618,https://doi.org/10.1101/2025.01.23.634618,https://doi.org/10.1101/2025.01.23.634618,https://github.com/daifengwanglab/ARTEMIS,https://github.com/daifengwanglab/ARTEMIS (official),,model_paper,perturbation_response_modeling; single_cell_rna_seq,,0,1.0,not_established,Available local metadata does not establish this capability.,not_established,Available local metadata does not establish this capability.,not_established,Available local metadata does not establish this capability.,not_established,Available local metadata does not establish this capability.,,not_established,Available local metadata does not establish this capability.,,False,False,False,False,False,metrics-db/pdfs/artemis.pdf,metrics-db/extracted_markdown/artemis.md,metrics-db/extracted_text/artemis.txt,metrics-db/bib/papers.bib,metrics-db/data/papers/artemis.yaml,Notebook word-cloud filter: category=model_paper; tags include perturbation_response_modeling and single_cell_rna_seq; notebook exclusions applied,notebooks/metric_benchmark_correlations_dataframe.ipynb
AttentionPert,AttentionPert: Accurately Modeling Multiplexed Genetic Perturbations with Multi-Scale Effects,attentionPert,2024,article,Bioinformatics,"Bai, Ding and Ellington, Caleb N and Mo, Shentong and Song, Le and Xing, Eric P","Bai, Ding",10.1093/bioinformatics/btae244,https://doi.org/10.1093/bioinformatics/btae244,https://doi.org/10.1093/bioinformatics/btae244,https://github.com/BaiDing1234/AttentionPert,https://github.com/BaiDing1234/AttentionPert (official|primary),,model_paper,perturbation_response_modeling; single_cell_rna_seq,,14,3.7080502,not_established,Available local metadata does not establish this capability.,benchmark_evaluated,Evaluated on unseen genetic perturbations in scPerturBench.,not_established,Available local metadata does not establish this capability.,benchmark_evaluated,"Paper evaluates seen-2, seen-1, and seen-0 two-gene prediction. Also evaluated across four genetic-combination datasets in scPerturBench.",Norman2019; Wessels2023; Schmidt; Replogle2020,not_established,Available local metadata does not establish this capability.,,False,True,False,True,False,metrics-db/pdfs/attentionPert.pdf,metrics-db/extracted_markdown/attentionPert.md,,metrics-db/bib/papers.bib,metrics-db/data/papers/attentionPert.yaml,Notebook word-cloud filter: category=model_paper; tags include perturbation_response_modeling and single_cell_rna_seq; notebook exclusions applied,notebooks/metric_benchmark_correlations_dataframe.ipynb
Biolord,Disentanglement of Single-Cell Data with Biolord,biolord,2024,article,Nature Biotechnology,"Piran, Zoe and Cohen, Niv and Hoshen, Yedid and Nitzan, Mor","Piran, Zoe",10.1038/s41587-023-02079-x,https://doi.org/10.1038/s41587-023-02079-x,https://doi.org/10.1038/s41587-023-02079-x,https://github.com/nitzanlab/biolord; https://github.com/nitzanlab/biolord_reproducibility,https://github.com/nitzanlab/biolord (official); https://github.com/nitzanlab/biolord_reproducibility (reproducibility),,model_paper,perturbation_response_modeling; single_cell_rna_seq,,68,5.2341065,benchmark_evaluated,Evaluated in the cellular-context generalization scenario of scPerturBench.,benchmark_evaluated,Evaluated on unseen genetic perturbations in scPerturBench.,benchmark_evaluated,Evaluated on unseen chemical perturbations in scPerturBench.,benchmark_evaluated,"Paper evaluates two-gene perturbations with zero, one, or two component genes unseen. Also evaluated across four genetic-combination datasets in scPerturBench.",Norman2019; Wessels2023; Schmidt; Replogle2020,not_established,Available local metadata does not establish this capability.,,True,True,True,True,False,metrics-db/pdfs/biolord.pdf,metrics-db/extracted_markdown/biolord.md,,metrics-db/bib/papers.bib,metrics-db/data/papers/biolord.yaml,Notebook word-cloud filter: category=model_paper; tags include perturbation_response_modeling and single_cell_rna_seq; notebook exclusions applied,notebooks/metric_benchmark_correlations_dataframe.ipynb
C3TL,Causal Cellular Context Transfer Learning (C3TL): An Efficient Architecture for Prediction of Unseen Perturbation Effects,c3tl,2026,article,arXiv,"Scholkemper, Michael and Mukherjee, Sach","Scholkemper, Michael",10.48550/arXiv.2603.13051,https://doi.org/10.48550/arXiv.2603.13051,https://doi.org/10.48550/arXiv.2603.13051,,,,model_paper,perturbation_response_modeling; single_cell_rna_seq,,0,1.0,explicit_paper_claim,Title explicitly defines a cellular-context transfer-learning task.,scope_only,"Paper addresses genetic perturbations, but local metadata does not establish held-out-perturbation evaluation.",not_established,Available local metadata does not establish this capability.,not_established,Available local metadata does not establish this capability.,,not_established,Available local metadata does not establish this capability.,,False,False,False,False,False,metrics-db/pdfs/c3tl.pdf,metrics-db/extracted_markdown/c3tl.md,metrics-db/extracted_text/c3tl.txt,metrics-db/bib/papers.bib,metrics-db/data/papers/c3tl.yaml,Notebook word-cloud filter: category=model_paper; tags include perturbation_response_modeling and single_cell_rna_seq; notebook exclusions applied,notebooks/metric_benchmark_correlations_dataframe.ipynb
CellFlow,CellFlow Enables Generative Single-Cell Phenotype Modeling with Flow Matching,cellflow,2025,article,bioRxiv,"Klein, Dominik and Fleck, Jonas Simon and Bobrovskiy, Daniil and Zimmermann, Lea and Becker, Sören and Palma, Alessandro and Dony, Leander and Tejada-Lapuerta, Alejandro and others and Sanch\'is-Calleja, F\'atima and Uscidda, Theo and Szalata, Artur and Gander, Manuel and Regev, Aviv and Treutlein, Barbara and Camp, J. Gray and Theis, Fabian J.","Klein, Dominik",10.1101/2025.04.11.648220,https://doi.org/10.1101/2025.04.11.648220,https://doi.org/10.1101/2025.04.11.648220,https://github.com/theislab/cellflow; https://github.com/theislab/cellflow_reproducibility,https://github.com/theislab/cellflow (primary); https://github.com/theislab/cellflow_reproducibility (reproducibility),,model_paper,perturbation_response_modeling; single_cell_rna_seq; bulk_rna_seq; cell_imaging,Good stress test for population metrics evaluated in PCA space.,36,4.61091791,not_established,Available local metadata does not establish this capability.,scope_only,"Paper addresses genetic perturbations, but local metadata does not establish held-out-perturbation evaluation.",not_established,Available local metadata does not establish this capability.,directly_evaluated,"Paper evaluates held-out gene combinations, including combinations with unseen component genes.",Norman2019,directly_evaluated,Paper predicts held-out drug combinations whose components occur in other training combinations.,comboSciPlex,False,False,False,False,False,metrics-db/pdfs/cellflow.pdf,metrics-db/extracted_markdown/cellflow.md,metrics-db/extracted_text/cellflow.txt,metrics-db/bib/papers.bib,metrics-db/data/papers/cellflow.yaml,Notebook word-cloud filter: category=model_paper; tags include perturbation_response_modeling and single_cell_rna_seq; notebook exclusions applied,notebooks/metric_benchmark_correlations_dataframe.ipynb
CellOT,Learning Single-Cell Perturbation Responses Using Neural Optimal Transport,cellot,2023,article,Nature Methods,"Bunne, Charlotte and Stark, Stefan G. and Gut, Gabriele and Del Castillo, Jacobo Sarabia and Levesque, Mitch and Lehmann, Kjong-Van and Pelkmans, Lucas and Krause, Andreas and Rätsch, Gunnar","Bunne, Charlotte",10.1038/s41592-023-01969-x,https://doi.org/10.1038/s41592-023-01969-x,https://doi.org/10.1038/s41592-023-01969-x,,,,model_paper,perturbation_response_modeling; single_cell_rna_seq; cell_imaging,,179,6.19295685,benchmark_evaluated,Evaluated in the cellular-context generalization scenario of scPerturBench.,not_established,Available local metadata does not establish this capability.,scope_only,"Paper addresses chemical perturbations, but local metadata does not establish held-out-perturbation evaluation.",not_established,Available local metadata does not establish this capability.,,not_established,Available local metadata does not establish this capability.,,True,False,False,False,False,metrics-db/pdfs/cellot.pdf,metrics-db/extracted_markdown/cellot.md,metrics-db/extracted_text/cellot.txt,metrics-db/bib/papers.bib,metrics-db/data/papers/cellot.yaml,Notebook word-cloud filter: category=model_paper; tags include perturbation_response_modeling and single_cell_rna_seq; notebook exclusions applied,notebooks/metric_benchmark_correlations_dataframe.ipynb
CFM-GP,CFM-GP: Unified Conditional Flow Matching to Learn Gene Perturbation Across Cell Types,cfm-gp,2025,misc,arXiv,"Abir, Abrar Rahman and Dip, Sajib Acharjee and Zhang, Liqing","Abir, Abrar Rahman",10.48550/arXiv.2508.08312,https://doi.org/10.48550/arXiv.2508.08312,https://doi.org/10.48550/arXiv.2508.08312,https://github.com/abrarrahmanabir/CFMGP,https://github.com/abrarrahmanabir/CFMGP (mentioned_in_paper),,model_paper,perturbation_response_modeling; single_cell_rna_seq,,0,1.0,explicit_paper_claim,Title and abstract explicitly describe cross-cell-type gene-perturbation prediction.,scope_only,"Paper addresses genetic perturbations, but local metadata does not establish held-out-perturbation evaluation.",not_established,Available local metadata does not establish this capability.,not_established,Available local metadata does not establish this capability.,,not_established,Available local metadata does not establish this capability.,,False,False,False,False,False,metrics-db/pdfs/cfm-gp.pdf,metrics-db/extracted_markdown/cfm-gp.md,,metrics-db/bib/papers.bib,metrics-db/data/papers/cfm-gp.yaml,Notebook word-cloud filter: category=model_paper; tags include perturbation_response_modeling and single_cell_rna_seq; notebook exclusions applied,notebooks/metric_benchmark_correlations_dataframe.ipynb
CisTransCell,"CisTransCell: Single-Cell Perturbation Prediction via Gene Function, Regulatory Control, and Cellular Context",cisTransCell,2026,misc,arXiv,"Zhang, Wei and Jiang, Xun and Xi, Yuesi and Tang, Ming","Zhang, Wei",10.48550/arXiv.2606.13713,https://doi.org/10.48550/arXiv.2606.13713,https://doi.org/10.48550/arXiv.2606.13713,,,,model_paper,perturbation_response_modeling; single_cell_rna_seq,,0,1.0,not_established,Available local metadata does not establish this capability.,explicit_paper_claim,Paper explicitly evaluates zero-shot unseen-gene and gene-combination prediction.,not_established,Available local metadata does not establish this capability.,not_established,Available local metadata does not establish this capability.,,not_established,Available local metadata does not establish this capability.,,False,False,False,False,False,metrics-db/pdfs/cisTransCell.pdf,metrics-db/extracted_markdown/cisTransCell.md,,metrics-db/bib/papers.bib,metrics-db/data/papers/cisTransCell.yaml,Notebook word-cloud filter: category=model_paper; tags include perturbation_response_modeling and single_cell_rna_seq; notebook exclusions applied,notebooks/metric_benchmark_correlations_dataframe.ipynb
CLAMP,CLAMP: Steady-State ODE Inference of Gene Regulatory Networks from Single-Cell Perturbations,clamp,2026,inproceedings,The 2026 Workshop on Generative and Agentic AI for Biology,"Gallagher-Syed, Amaya and Wenteler, Aaron and Martinez, Santiago A. and Slabaugh, Gregory","Gallagher-Syed, Amaya",,,https://openreview.net/forum?id=C0DTxoMuYO,,,,model_paper,perturbation_response_modeling; single_cell_rna_seq,,0,1.0,not_established,Available local metadata does not establish this capability.,scope_only,"Paper addresses genetic perturbations, but local metadata does not establish held-out-perturbation evaluation.",not_established,Available local metadata does not establish this capability.,not_established,Available local metadata does not establish this capability.,,not_established,Available local metadata does not establish this capability.,,False,False,False,False,False,metrics-db/pdfs/clamp.pdf,metrics-db/extracted_markdown/clamp.md,,metrics-db/bib/papers.bib,metrics-db/data/papers/clamp.yaml,Notebook word-cloud filter: category=model_paper; tags include perturbation_response_modeling and single_cell_rna_seq; notebook exclusions applied,notebooks/metric_benchmark_correlations_dataframe.ipynb
CMonge,Towards Generalizable Single-Cell Perturbation Modeling via the Conditional Monge Gap,condMongeMap,2025,article,arXiv,"Driessen, Alice and Harsanyi, Benedek and Rapsomaniki, Marianna and Born, Jannis","Driessen, Alice",10.48550/arXiv.2504.08328,https://doi.org/10.48550/arXiv.2504.08328,https://arxiv.org/abs/2504.08328,https://github.com/AI4SCR/Conditional-Monge,https://github.com/AI4SCR/Conditional-Monge (reproducibility),,model_paper,perturbation_response_modeling; single_cell_rna_seq; cell_imaging,,0,1.0,not_established,Available local metadata does not establish this capability.,not_established,Available local metadata does not establish this capability.,explicit_paper_claim,Paper explicitly describes conditional transport prediction for unseen drugs.,not_established,Available local metadata does not establish this capability.,,not_established,Available local metadata does not establish this capability.,,False,False,False,False,False,metrics-db/pdfs/condMongeMap.pdf,metrics-db/extracted_markdown/condMongeMap.md,metrics-db/extracted_text/condMongeMap.txt,metrics-db/bib/papers.bib,metrics-db/data/papers/condMongeMap.yaml,Notebook word-cloud filter: category=model_paper; tags include perturbation_response_modeling and single_cell_rna_seq; notebook exclusions applied,notebooks/metric_benchmark_correlations_dataframe.ipynb
CondOT,Supervised Training of Conditional Monge Maps,condOT,2023,article,arXiv,"Bunne, Charlotte and Krause, Andreas and Cuturi, Marco","Bunne, Charlotte",10.48550/arXiv.2206.14262,https://doi.org/10.48550/arXiv.2206.14262,https://doi.org/10.48550/arXiv.2206.14262,https://github.com/bunnech/condot,https://github.com/bunnech/condot (official),,model_paper,perturbation_response_modeling; single_cell_rna_seq,,14,3.7080502,not_established,Available local metadata does not establish this capability.,not_established,Available local metadata does not establish this capability.,not_established,Available local metadata does not establish this capability.,directly_evaluated,Paper predicts held-out genetic perturbation combinations from single-target observations.,Norman2019,explicit_support_only,"Paper describes therapeutic-combination support, but its explicit combination experiment is genetic.",,False,False,False,False,False,metrics-db/pdfs/condOT.pdf,metrics-db/extracted_markdown/condOT.md,metrics-db/extracted_text/condOT.txt,metrics-db/bib/papers.bib,metrics-db/data/papers/condOT.yaml,Notebook word-cloud filter: category=model_paper; tags include perturbation_response_modeling and single_cell_rna_seq; notebook exclusions applied,notebooks/metric_benchmark_correlations_dataframe.ipynb
CPA,Predicting Cellular Responses to Complex Perturbations in High-throughput Screens,cpa,2023,article,Molecular Systems Biology,"Lotfollahi, Mohammad and Klimovskaia Susmelj, Anna and De Donno, Carlo and Hetzel, Leon and Ji, Yuge and Ibarra, Ignacio L and Srivatsan, Sanjay R and Naghipourfar, Mohsen and others and McFaline-Figueroa, Jose L and Boyeau, Pierre and Wolf, F Alexander and Yakubova, Nafissa and Günnemann, Stephan and Trapnell, Cole and Lopez-Paz, David and Theis, Fabian J","Lotfollahi, Mohammad",10.15252/msb.202211517,https://doi.org/10.15252/msb.202211517,https://doi.org/10.15252/msb.202211517,https://github.com/theislab/chemCPA; https://github.com/theislab/cpa; https://github.com/theislab/cpa-reproducibility; https://github.com/theislab/cpareproducibility,https://github.com/theislab/chemCPA (benchmark); https://github.com/theislab/cpa (primary); https://github.com/theislab/cpa-reproducibility (reproducibility); https://github.com/theislab/cpareproducibility (reproducibility),,model_paper,perturbation_response_modeling; single_cell_rna_seq,Perturbation response prediction based on CVAE with adversarial training.,282,6.6454469,not_established,Available local metadata does not establish this capability.,benchmark_evaluated,Evaluated on unseen genetic perturbations in scPerturBench.,benchmark_evaluated,Evaluated on unseen chemical perturbations in scPerturBench.,benchmark_evaluated,Paper applies CPA to a genetic combinatorial screen and imputes unmeasured combinations. Also evaluated across four genetic-combination datasets in scPerturBench.,Norman2019 Perturb-seq; Norman2019; Wessels2023; Schmidt; Replogle2020,benchmark_evaluated,Paper validates prediction of unseen drug combinations in a new single-cell combination screen. Also evaluated on chemical combinations in scPerturBench.,A549 drug-combination screen; sciPlex3-comb,False,True,True,True,True,metrics-db/pdfs/cpa.pdf,metrics-db/extracted_markdown/cpa.md,metrics-db/extracted_text/cpa.txt,metrics-db/bib/papers.bib,metrics-db/data/papers/cpa.yaml,Notebook word-cloud filter: category=model_paper; tags include perturbation_response_modeling and single_cell_rna_seq; notebook exclusions applied,notebooks/metric_benchmark_correlations_dataframe.ipynb
CRADLE-VAE,CRADLE-VAE: Enhancing Single-Cell Gene Perturbation Modeling with Counterfactual Reasoning-Based Artifact Disentanglement,cradleVAE,2024,article,arXiv,"Baek, Seungheun and Park, Soyon and Chok, Yan Ting and Lee, Junhyun and Park, Jueon and Gim, Mogan and Kang, Jaewoo","Baek, Seungheun",10.48550/arXiv.2409.05484,https://doi.org/10.48550/arXiv.2409.05484,https://doi.org/10.48550/arXiv.2409.05484,https://github.com/dmis-lab/CRADLE-VAE,https://github.com/dmis-lab/CRADLE-VAE (official),,model_paper,perturbation_response_modeling; single_cell_rna_seq,,1,1.69314718,not_established,Available local metadata does not establish this capability.,scope_only,"Paper addresses genetic perturbations, but local metadata does not establish held-out-perturbation evaluation.",not_established,Available local metadata does not establish this capability.,directly_evaluated,Paper holds out multi-gene combinations and evaluates OOD combination prediction.,Norman2019; Dixit2016,not_established,Available local metadata does not establish this capability.,,False,False,False,False,False,metrics-db/pdfs/cradleVAE.pdf,metrics-db/extracted_markdown/cradleVAE.md,metrics-db/extracted_text/cradleVAE.txt,metrics-db/bib/papers.bib,metrics-db/data/papers/cradleVAE.yaml,Notebook word-cloud filter: category=model_paper; tags include perturbation_response_modeling and single_cell_rna_seq; notebook exclusions applied,notebooks/metric_benchmark_correlations_dataframe.ipynb
D-SPIN,D-SPIN Constructs Regulatory Network Models from scRNA-seq That Reveal Organizing Principles of Perturbation Response,dspin,2026,article,Cell,"Jiang, Jialong and Chen, Sisi and Tsou, Tiffany and McGinnis, Christopher S. and Khazaei, Tahmineh and Zhu, Qin and Park, Jong H. and Strazhnik, Inna-Marie and Vielmetter, Jost and Gong, Yingying and Hanna, John and Chow, Eric D. and Sivak, David A. and Gartner, Zev J. and Thomson, Matt","Jiang, Jialong",10.1016/j.cell.2026.04.028,https://doi.org/10.1016/j.cell.2026.04.028,https://doi.org/10.1016/j.cell.2026.04.028,https://github.com/JialongJiang/DSPIN,https://github.com/JialongJiang/DSPIN (official),,model_paper,perturbation_response_modeling; single_cell_rna_seq,,1,1.69314718,not_established,Available local metadata does not establish this capability.,not_established,Available local metadata does not establish this capability.,scope_only,"Paper addresses chemical perturbations, but local metadata does not establish held-out-perturbation evaluation.",not_established,Available local metadata does not establish this capability.,,directly_evaluated,Paper models combinatorial immunomodulatory-drug responses and interpolates unobserved combination dosages.,human immune-cell drug-combination screen,False,False,False,False,False,metrics-db/pdfs/dspin.pdf,metrics-db/extracted_markdown/dspin.md,,metrics-db/bib/papers.bib,metrics-db/data/papers/dspin.yaml,Notebook word-cloud filter: category=model_paper; tags include perturbation_response_modeling and single_cell_rna_seq; notebook exclusions applied,notebooks/metric_benchmark_correlations_dataframe.ipynb
dbDiffusion,Predicting the Unseen: A Diffusion-Based Debiasing Framework for Transcriptional Response Prediction at Single-Cell Resolution,dbDiffusion,2025,article,Proceedings of the National Academy of Sciences,"Shang, Ergan and Wei, Yuting and Roeder, Kathryn","Shang, Ergan",10.1073/pnas.2525268122,https://doi.org/10.1073/pnas.2525268122,https://doi.org/10.1073/pnas.2525268122,https://github.com/ergan-shang/dbDiffusion,https://github.com/ergan-shang/dbDiffusion (benchmark),,model_paper,perturbation_response_modeling; single_cell_rna_seq,,1,1.69314718,not_established,Available local metadata does not establish this capability.,explicit_paper_claim,Paper explicitly predicts previously unobserved genetic perturbations in Perturb-seq data.,not_established,Available local metadata does not establish this capability.,not_established,Available local metadata does not establish this capability.,,not_established,Available local metadata does not establish this capability.,,False,False,False,False,False,metrics-db/pdfs/dbDiffusion.pdf,metrics-db/extracted_markdown/dbDiffusion.md,metrics-db/extracted_text/dbDiffusion.txt,metrics-db/bib/papers.bib,metrics-db/data/papers/dbDiffusion.yaml,Notebook word-cloud filter: category=model_paper; tags include perturbation_response_modeling and single_cell_rna_seq; notebook exclusions applied,notebooks/metric_benchmark_correlations_dataframe.ipynb
DCM,Discrete Diffusion for Single-Cell Gene Expression Modeling,dcm,2026,inproceedings,ICLR 2026 Workshop on Machine Learning for Genomics Explorations,"Bhattacharya, Sanjukta and Gensbigler, Christian and Karim, Shaamil and Lees, Jon","Bhattacharya, Sanjukta",10.64898/2026.02.19.705033,https://doi.org/10.64898/2026.02.19.705033,https://www.biorxiv.org/content/10.64898/2026.02.19.705033v2,,,,model_paper,perturbation_response_modeling; single_cell_rna_seq,,2,2.09861229,not_established,Available local metadata does not establish this capability.,scope_only,"Paper addresses genetic perturbations, but local metadata does not establish held-out-perturbation evaluation.",not_established,Available local metadata does not establish this capability.,not_established,Available local metadata does not establish this capability.,,not_established,Available local metadata does not establish this capability.,,False,False,False,False,False,metrics-db/pdfs/dcm.pdf,metrics-db/extracted_markdown/dcm.md,metrics-db/extracted_text/dcm.txt,metrics-db/bib/papers.bib,metrics-db/data/papers/dcm.yaml,Notebook word-cloud filter: category=model_paper; tags include perturbation_response_modeling and single_cell_rna_seq; notebook exclusions applied,notebooks/metric_benchmark_correlations_dataframe.ipynb
Departures,Departures: Distributional Transport for Single-Cell Perturbation Prediction with Neural Schrödinger Bridges,depatures,2025,article,arXiv,"Chi, Changxi and Huang, Yufei and Xia, Jun and Zheng, Jiangbin and Liu, Yunfan and Zang, Zelin and Li, Stan Z.","Chi, Changxi",10.48550/arXiv.2511.13124,https://doi.org/10.48550/arXiv.2511.13124,https://doi.org/10.48550/arXiv.2511.13124,https://github.com/ChangxiChi/Departures,https://github.com/ChangxiChi/Departures (official),,model_paper,perturbation_response_modeling; single_cell_rna_seq,,0,1.0,not_established,Available local metadata does not establish this capability.,not_established,Available local metadata does not establish this capability.,not_established,Available local metadata does not establish this capability.,not_established,Available local metadata does not establish this capability.,,not_established,Available local metadata does not establish this capability.,,False,False,False,False,False,metrics-db/pdfs/depatures.pdf,metrics-db/extracted_markdown/depatures.md,metrics-db/extracted_text/depatures.txt,metrics-db/bib/papers.bib,metrics-db/data/papers/depatures.yaml,Notebook word-cloud filter: category=model_paper; tags include perturbation_response_modeling and single_cell_rna_seq; notebook exclusions applied,notebooks/metric_benchmark_correlations_dataframe.ipynb
DeSCOPE,Decoding Single-Cell Omics of Perturbation Responses Using DeSCOPE,descope,2026,misc,bioRxiv,"Wu, Pengpeng and Wei, Hailin and Li, Yazi and Zheng, Xinwei and Zhou, Caibin and Hu, Xihao and Wang, Chenfei","Wu, Pengpeng",10.64898/2026.04.13.718147,https://doi.org/10.64898/2026.04.13.718147,https://doi.org/10.64898/2026.04.13.718147,https://github.com/ArcInstitute/cell-eval; https://github.com/wanglabtongii/DeSCOPE; https://github.com/wanglabtongji/DeSCOPE,https://github.com/ArcInstitute/cell-eval (cell-eval-v0.6.6); https://github.com/wanglabtongii/DeSCOPE (benchmark); https://github.com/wanglabtongji/DeSCOPE (benchmark|primary),,model_paper,perturbation_response_modeling; single_cell_rna_seq,,0,1.0,explicit_paper_claim,Paper reports an out-of-distribution unseen-cell-type evaluation.,explicit_paper_claim,Paper explicitly evaluates an out-of-distribution unseen-gene setting.,not_established,Available local metadata does not establish this capability.,not_established,Available local metadata does not establish this capability.,,not_established,Available local metadata does not establish this capability.,,False,False,False,False,False,metrics-db/pdfs/descope.pdf,metrics-db/extracted_markdown/descope.md,,metrics-db/bib/papers.bib,metrics-db/data/papers/descope.yaml,Notebook word-cloud filter: category=model_paper; tags include perturbation_response_modeling and single_cell_rna_seq; notebook exclusions applied,notebooks/metric_benchmark_correlations_dataframe.ipynb
Doloris,Doloris: Dual Conditional Diffusion Implicit Bridges with Sparsity Masking Strategy for Unpaired Single-Cell Perturbation Estimation,doloris,2026,inproceedings,The Fourteenth International Conference on Learning Representations,"Chi, Changxi and Xia, Jun and Huang, Yufei and Ouyang, Zhuoli and Tan, Cheng and Liu, Yunfan and Zhou, Jingbo and Yu, Chang and Yuan, Liangyu and Li, Siyuan and Zang, Zelin and Li, Stan Z.","Chi, Changxi",,,https://openreview.net/forum?id=rvpDHfoTd2,https://github.com/ChangxiChi/Doloris,https://github.com/ChangxiChi/Doloris (reproducibility),,model_paper,perturbation_response_modeling; single_cell_rna_seq,,0,1.0,not_established,Available local metadata does not establish this capability.,not_established,Available local metadata does not establish this capability.,not_established,Available local metadata does not establish this capability.,not_established,Available local metadata does not establish this capability.,,not_established,Available local metadata does not establish this capability.,,False,False,False,False,False,metrics-db/pdfs/doloris.pdf,metrics-db/extracted_markdown/doloris.md,metrics-db/extracted_text/doloris.txt,metrics-db/bib/papers.bib,metrics-db/data/papers/doloris.yaml,Notebook word-cloud filter: category=model_paper; tags include perturbation_response_modeling and single_cell_rna_seq; notebook exclusions applied,notebooks/metric_benchmark_correlations_dataframe.ipynb
eVAE,Elucidating the Design Space of Generative Models for Single-Cell Perturbation Prediction,eVAE,2026,misc,Bioinformatics,"Bhattacharya, Sanjukta and Gensbigler, Christian and Karim, Shaamil and Lees, Jonathan","Bhattacharya, Sanjukta",10.64898/2026.06.15.732063,https://doi.org/10.64898/2026.06.15.732063,https://doi.org/10.64898/2026.06.15.732063,,,,model_paper,perturbation_response_modeling; single_cell_rna_seq,,0,1.0,not_established,Available local metadata does not establish this capability.,not_established,Available local metadata does not establish this capability.,not_established,Available local metadata does not establish this capability.,not_established,Available local metadata does not establish this capability.,,not_established,Available local metadata does not establish this capability.,,False,False,False,False,False,,,,metrics-db/bib/papers.bib,metrics-db/data/papers/eVAE.yaml,Notebook word-cloud filter: category=model_paper; tags include perturbation_response_modeling and single_cell_rna_seq; notebook exclusions applied,notebooks/metric_benchmark_correlations_dataframe.ipynb
GEARS,Predicting Transcriptional Outcomes of Novel Multigene Perturbations with GEARS,gears,2024,article,Nature Biotechnology,"Roohani, Yusuf and Huang, Kexin and Leskovec, Jure","Roohani, Yusuf",10.1038/s41587-023-01905-6,https://doi.org/10.1038/s41587-023-01905-6,https://doi.org/10.1038/s41587-023-01905-6,https://github.com/snap-stanford/GEARS; https://github.com/yhr91/GEARS_misc,https://github.com/snap-stanford/GEARS (reproducibility); https://github.com/yhr91/GEARS_misc (reproducibility),,model_paper,perturbation_response_modeling; single_cell_rna_seq,,320,6.77144112,not_established,Available local metadata does not establish this capability.,benchmark_evaluated,Evaluated on unseen genetic perturbations in scPerturBench.,not_established,Available local metadata does not establish this capability.,benchmark_evaluated,Paper's primary task is prediction of novel multi-gene perturbations. Also evaluated across four genetic-combination datasets in scPerturBench.,Norman2019; Wessels2023; Schmidt; Replogle2020,not_established,Available local metadata does not establish this capability.,,False,True,False,True,False,metrics-db/pdfs/gears.pdf,metrics-db/extracted_markdown/gears.md,metrics-db/extracted_text/gears.txt,metrics-db/bib/papers.bib,metrics-db/data/papers/gears.yaml,Notebook word-cloud filter: category=model_paper; tags include perturbation_response_modeling and single_cell_rna_seq; notebook exclusions applied,notebooks/metric_benchmark_correlations_dataframe.ipynb
GenePert,GenePert: Leveraging GenePT Embeddings for Gene Perturbation Prediction,genePert,2024,article,bioRxiv,"Chen, Yiqun and Zou, James","Chen, Yiqun",10.1101/2024.10.27.620513,https://doi.org/10.1101/2024.10.27.620513,https://doi.org/10.1101/2024.10.27.620513,https://github.com/zou-group/GenePert,https://github.com/zou-group/GenePert (benchmark),,model_paper,perturbation_response_modeling; single_cell_rna_seq,,15,3.77258872,not_established,Available local metadata does not establish this capability.,benchmark_evaluated,Evaluated on unseen genetic perturbations in scPerturBench.,not_established,Available local metadata does not establish this capability.,benchmark_evaluated,"Paper applies GenePert to two-gene perturbations, including combinations with unseen targets. Also evaluated across four genetic-combination datasets in scPerturBench.",Norman2019; Wessels2023; Schmidt; Replogle2020,not_established,Available local metadata does not establish this capability.,,False,True,False,True,False,metrics-db/pdfs/genePert.pdf,metrics-db/extracted_markdown/genePert.md,metrics-db/extracted_text/genePert.txt,metrics-db/bib/papers.bib,metrics-db/data/papers/genePert.yaml,Notebook word-cloud filter: category=model_paper; tags include perturbation_response_modeling and single_cell_rna_seq; notebook exclusions applied,notebooks/metric_benchmark_correlations_dataframe.ipynb
GPerturb,GPerturb: Gaussian Process Modelling of Single-Cell Perturbation Data,gperturb,2025,article,Nature Communications,"Xing, Hanwen and Yau, Christopher","Xing, Hanwen",10.1038/s41467-025-61165-7,https://doi.org/10.1038/s41467-025-61165-7,https://doi.org/10.1038/s41467-025-61165-7,https://github.com/hwxing3259/GPerturb,https://github.com/hwxing3259/GPerturb (official),,model_paper,perturbation_response_modeling; single_cell_rna_seq,,6,2.94591015,not_established,Available local metadata does not establish this capability.,not_established,Available local metadata does not establish this capability.,not_established,Available local metadata does not establish this capability.,not_established,Available local metadata does not establish this capability.,,not_established,Available local metadata does not establish this capability.,,False,False,False,False,False,metrics-db/pdfs/gperturb.pdf,metrics-db/extracted_markdown/gperturb.md,metrics-db/extracted_text/gperturb.txt,metrics-db/bib/papers.bib,metrics-db/data/papers/gperturb.yaml,Notebook word-cloud filter: category=model_paper; tags include perturbation_response_modeling and single_cell_rna_seq; notebook exclusions applied,notebooks/metric_benchmark_correlations_dataframe.ipynb
GRAPE,GRAPE: Heterogeneous Graph Representation Learning for Genetic Perturbation with Coding and Non-Coding Biotype,grape,2025,article,arXiv,"Chi, Changxi and Xia, Jun and Zhou, Jingbo and Cheng, Jiabei and Yu, Chang and Li, Stan Z.","Chi, Changxi",10.48550/arXiv.2505.03853,https://doi.org/10.48550/arXiv.2505.03853,https://doi.org/10.48550/arXiv.2505.03853,,,https://anonymous.4open.science/r/GRAPE-EB39,model_paper,perturbation_response_modeling; single_cell_rna_seq,,0,1.0,not_established,Available local metadata does not establish this capability.,scope_only,"Paper addresses genetic perturbations, but local metadata does not establish held-out-perturbation evaluation.",not_established,Available local metadata does not establish this capability.,not_established,Available local metadata does not establish this capability.,,not_established,Available local metadata does not establish this capability.,,False,False,False,False,False,metrics-db/pdfs/grape.pdf,metrics-db/extracted_markdown/grape.md,metrics-db/extracted_text/grape.txt,metrics-db/bib/papers.bib,metrics-db/data/papers/grape.yaml,Notebook word-cloud filter: category=model_paper; tags include perturbation_response_modeling and single_cell_rna_seq; notebook exclusions applied,notebooks/metric_benchmark_correlations_dataframe.ipynb
graphVCI,Predicting Cellular Responses with Variational Causal Inference and Refined Relational Information,graphVCI,2022,article,arXiv,"Wu, Yulun and Barton, Robert A and Wang, Zichen and Ioannidis, Vassilis N and Donno, Carlo De and Price, Layne C and Voloch, Luis F and Karypis, George","Wu, Yulun",10.48550/arxiv.2210.00116,https://doi.org/10.48550/arxiv.2210.00116,https://doi.org/10.48550/arxiv.2210.00116,https://github.com/yulun-rayn/graphVCI,https://github.com/yulun-rayn/graphVCI (official),,model_paper,perturbation_response_modeling; single_cell_rna_seq,,6,2.94591015,not_established,Available local metadata does not establish this capability.,not_established,Available local metadata does not establish this capability.,not_established,Available local metadata does not establish this capability.,not_established,Available local metadata does not establish this capability.,,not_established,Available local metadata does not establish this capability.,,False,False,False,False,False,metrics-db/pdfs/graphVCI.pdf,metrics-db/extracted_markdown/graphVCI.md,metrics-db/extracted_text/graphVCI.txt,metrics-db/bib/papers.bib,metrics-db/data/papers/graphVCI.yaml,Notebook word-cloud filter: category=model_paper; tags include perturbation_response_modeling and single_cell_rna_seq; notebook exclusions applied,notebooks/metric_benchmark_correlations_dataframe.ipynb
HyperMap,HyperMap: An Efficient Framework for Transferring Perturbation Responses Across Diverse Biological Contexts,hyperMap,2026,misc,bioRxiv,"Dhaka, Bhavya and Gao, Jiahao and Ideker, Trey","Dhaka, Bhavya",10.64898/2026.04.23.720505,https://doi.org/10.64898/2026.04.23.720505,https://doi.org/10.64898/2026.04.23.720505,https://github.com/bhavya1929/HyperMap,https://github.com/bhavya1929/HyperMap (reproducibility),,model_paper,perturbation_response_modeling; single_cell_rna_seq,,0,1.0,explicit_paper_claim,Title explicitly describes transfer of perturbation responses across biological contexts.,not_established,Available local metadata does not establish this capability.,scope_only,"Paper addresses chemical perturbations, but local metadata does not establish held-out-perturbation evaluation.",not_established,Available local metadata does not establish this capability.,,not_established,Available local metadata does not establish this capability.,,False,False,False,False,False,metrics-db/pdfs/hyperMap.pdf,metrics-db/extracted_markdown/hyperMap.md,,metrics-db/bib/papers.bib,metrics-db/data/papers/hyperMap.yaml,Notebook word-cloud filter: category=model_paper; tags include perturbation_response_modeling and single_cell_rna_seq; notebook exclusions applied,notebooks/metric_benchmark_correlations_dataframe.ipynb
LangPert,LangPert: LLM-Driven Contextual Synthesis for Unseen Perturbation Prediction,langPert,2025,inproceedings,ICLR 2025 Workshop on Machine Learning for Genomics Explorations,"Märtens, Kaspar and Martell, Marc Boubnovski and Prada-Medina, Cesar A. and Donovan-Maiye, Rory","Märtens, Kaspar",,,https://openreview.net/forum?id=Tmx4o3Jg55,,,,model_paper,perturbation_response_modeling; single_cell_rna_seq,,0,1.0,not_established,Available local metadata does not establish this capability.,explicit_paper_claim,Paper explicitly targets unseen single-gene perturbation prediction.,not_established,Available local metadata does not establish this capability.,not_established,Available local metadata does not establish this capability.,,not_established,Available local metadata does not establish this capability.,,False,False,False,False,False,metrics-db/pdfs/langPert.pdf,metrics-db/extracted_markdown/langPert.md,metrics-db/extracted_text/langPert.txt,metrics-db/bib/papers.bib,metrics-db/data/papers/langPert.yaml,Notebook word-cloud filter: category=model_paper; tags include perturbation_response_modeling and single_cell_rna_seq; notebook exclusions applied,notebooks/metric_benchmark_correlations_dataframe.ipynb
LCD,Latent Causal Diffusions for Single-Cell Perturbation Modeling,lcd,2026,article,arXiv,"Lorch, Lars and Zhang, Jiaqi and Bunne, Charlotte and Krause, Andreas and Schölkopf, Bernhard and Uhler, Caroline","Lorch, Lars",10.48550/arXiv.2601.15341,https://doi.org/10.48550/arXiv.2601.15341,https://doi.org/10.48550/arXiv.2601.15341,,,,model_paper,perturbation_response_modeling; single_cell_rna_seq,,0,1.0,not_established,Available local metadata does not establish this capability.,not_established,Available local metadata does not establish this capability.,not_established,Available local metadata does not establish this capability.,not_established,Available local metadata does not establish this capability.,,not_established,Available local metadata does not establish this capability.,,False,False,False,False,False,metrics-db/pdfs/lcd.pdf,metrics-db/extracted_markdown/lcd.md,metrics-db/extracted_text/lcd.txt,metrics-db/bib/papers.bib,metrics-db/data/papers/lcd.yaml,Notebook word-cloud filter: category=model_paper; tags include perturbation_response_modeling and single_cell_rna_seq; notebook exclusions applied,notebooks/metric_benchmark_correlations_dataframe.ipynb
Lingshu-Cell,Lingshu-Cell: A Generative Cellular World Model for Transcriptome Modeling toward Virtual Cells,lingshuCell,2026,misc,arXiv,"Zhang, Han and Yuan, Guo-Hua and Yuan, Chaohao and Xu, Tingyang and Bian, Tian and Cheng, Hong and Huang, Wenbing and Zhao, Deli and Rong, Yu","Zhang, Han",10.48550/arXiv.2603.25240,https://doi.org/10.48550/arXiv.2603.25240,https://doi.org/10.48550/arXiv.2603.25240,,,,model_paper,perturbation_response_modeling; single_cell_rna_seq,,0,1.0,explicit_paper_claim,Paper claims prediction for novel combinations of cell/donor identity and perturbation.,scope_only,"Paper addresses genetic perturbations, but local metadata does not establish held-out-perturbation evaluation.",not_established,Available local metadata does not establish this capability.,not_established,Available local metadata does not establish this capability.,,not_established,Available local metadata does not establish this capability.,,False,False,False,False,False,,metrics-db/extracted_markdown/lingshuCell.md,,metrics-db/bib/papers.bib,metrics-db/data/papers/lingshuCell.yaml,Notebook word-cloud filter: category=model_paper; tags include perturbation_response_modeling and single_cell_rna_seq; notebook exclusions applied,notebooks/metric_benchmark_correlations_dataframe.ipynb
LPM,In-Silico Biological Discovery with Large Perturbation Models,lpm,2025,article,arXiv,"Miladinovic, Djordje and Höppe, Tobias and Chevalley, Mathieu and Georgiou, Andreas and Stuart, Lachlan and Mehrjou, Arash and Bantscheff, Marcus and Schölkopf, Bernhard and Schwab, Patrick","Miladinovic, Djordje",10.48550/arXiv.2503.23535,https://doi.org/10.48550/arXiv.2503.23535,https://doi.org/10.48550/arXiv.2503.23535,,,,model_paper,perturbation_response_modeling; single_cell_rna_seq,,1,1.69314718,not_established,Available local metadata does not establish this capability.,scope_only,"Paper addresses genetic perturbations, but local metadata does not establish held-out-perturbation evaluation.",not_established,Available local metadata does not establish this capability.,not_established,Available local metadata does not establish this capability.,,not_established,Available local metadata does not establish this capability.,,False,False,False,False,False,metrics-db/pdfs/lpm.pdf,metrics-db/extracted_markdown/lpm.md,metrics-db/extracted_text/lpm.txt,metrics-db/bib/papers.bib,metrics-db/data/papers/lpm.yaml,Notebook word-cloud filter: category=model_paper; tags include perturbation_response_modeling and single_cell_rna_seq; notebook exclusions applied,notebooks/metric_benchmark_correlations_dataframe.ipynb
MapPFN,MapPFN: Learning Causal Perturbation Maps in Context,mapPFN,2026,article,arXiv,"Sextro, Marvin and K\los, Weronika and Dernbach, Gabriel","Sextro, Marvin",10.48550/arXiv.2601.21092,https://doi.org/10.48550/arXiv.2601.21092,https://doi.org/10.48550/arXiv.2601.21092,https://github.com/marvinsxtr/MapPFN,https://github.com/marvinsxtr/MapPFN (official),,model_paper,perturbation_response_modeling; single_cell_rna_seq,,0,1.0,not_established,Available local metadata does not establish this capability.,scope_only,"Paper addresses genetic perturbations, but local metadata does not establish held-out-perturbation evaluation.",not_established,Available local metadata does not establish this capability.,not_established,Available local metadata does not establish this capability.,,not_established,Available local metadata does not establish this capability.,,False,False,False,False,False,metrics-db/pdfs/mapPFN.pdf,metrics-db/extracted_markdown/mapPFN.md,metrics-db/extracted_text/mapPFN.txt,metrics-db/bib/papers.bib,metrics-db/data/papers/mapPFN.yaml,Notebook word-cloud filter: category=model_paper; tags include perturbation_response_modeling and single_cell_rna_seq; notebook exclusions applied,notebooks/metric_benchmark_correlations_dataframe.ipynb
MichiGAN,MichiGAN: Sampling from Disentangled Representations of Single-Cell Data Using Generative Adversarial Networks,michiGAN,2021,article,Genome Biology,"Yu, Hengshi and Welch, Joshua D.","Yu, Hengshi",10.1186/s13059-021-02373-4,https://doi.org/10.1186/s13059-021-02373-4,https://doi.org/10.1186/s13059-021-02373-4,https://github.com/welch-lab/MichiGAN,https://github.com/welch-lab/MichiGAN (reproducibility),,model_paper,perturbation_response_modeling; single_cell_rna_seq,,37,4.63758616,not_established,Available local metadata does not establish this capability.,not_established,Available local metadata does not establish this capability.,not_established,Available local metadata does not establish this capability.,not_established,Available local metadata does not establish this capability.,,not_established,Available local metadata does not establish this capability.,,False,False,False,False,False,metrics-db/pdfs/michiGAN.pdf,metrics-db/extracted_markdown/michiGAN.md,metrics-db/extracted_text/michiGAN.txt,metrics-db/bib/papers.bib,metrics-db/data/papers/michiGAN.yaml,Notebook word-cloud filter: category=model_paper; tags include perturbation_response_modeling and single_cell_rna_seq; notebook exclusions applied,notebooks/metric_benchmark_correlations_dataframe.ipynb
MLP+Hist,Modeling Gene Expression Distributional Shifts for Unseen Genetic Perturbations,ramakrishnanModelingGeneExpression2025,2025,article,arXiv,"Ramakrishnan, Kalyan and Hedley, Jonathan G. and Qu, Sisi and Dokania, Puneet K. and Torr, Philip H. S. and Prada-Medina, Cesar A. and Fauqueur, Julien and Martens, Kaspar","Ramakrishnan, Kalyan",10.48550/arXiv.2507.02980,https://doi.org/10.48550/arXiv.2507.02980,https://doi.org/10.48550/arXiv.2507.02980,,,,model_paper,perturbation_response_modeling; single_cell_rna_seq,,0,1.0,not_established,Available local metadata does not establish this capability.,explicit_paper_claim,Title explicitly states unseen genetic perturbation prediction.,not_established,Available local metadata does not establish this capability.,not_established,Available local metadata does not establish this capability.,,not_established,Available local metadata does not establish this capability.,,False,False,False,False,False,metrics-db/pdfs/ramakrishnanModelingGeneExpression2025.pdf,metrics-db/extracted_markdown/ramakrishnanModelingGeneExpression2025.md,metrics-db/extracted_text/ramakrishnanModelingGeneExpression2025.txt,metrics-db/bib/papers.bib; all_papers_updated.bib fallback fields,metrics-db/data/papers/ramakrishnanModelingGeneExpression2025.yaml,Notebook word-cloud filter: category=model_paper; tags include perturbation_response_modeling and single_cell_rna_seq; notebook exclusions applied,notebooks/metric_benchmark_correlations_dataframe.ipynb
MORPH,MORPH Predicts the Single-Cell Outcome of Genetic Perturbations Across Conditions and Data Modalities,morph,2025,article,bioRxiv,"He, Chujun and Zhang, Jiaqi and Dahleh, Munther and Uhler, Caroline","He, Chujun",10.1101/2025.06.27.661992,https://doi.org/10.1101/2025.06.27.661992,https://doi.org/10.1101/2025.06.27.661992,https://github.com/uhlerlab/MORPH,https://github.com/uhlerlab/MORPH (reproducibility),,model_paper,perturbation_response_modeling; single_cell_rna_seq; cell_imaging,,2,2.09861229,explicit_paper_claim,Title explicitly describes genetic-perturbation prediction across conditions.,scope_only,"Paper addresses genetic perturbations, but local metadata does not establish held-out-perturbation evaluation.",not_established,Available local metadata does not establish this capability.,not_established,Available local metadata does not establish this capability.,,not_established,Available local metadata does not establish this capability.,,False,False,False,False,False,metrics-db/pdfs/morph.pdf,metrics-db/extracted_markdown/morph.md,metrics-db/extracted_text/morph.txt,metrics-db/bib/papers.bib,metrics-db/data/papers/morph.yaml,Notebook word-cloud filter: category=model_paper; tags include perturbation_response_modeling and single_cell_rna_seq; notebook exclusions applied,notebooks/metric_benchmark_correlations_dataframe.ipynb
pertTF,pertTF: Context-Aware AI Modeling for Genome-Scale and Cross-System Perturbation Prediction,pertTF,2026,article,bioRxiv,"Su, Yangqi and Liu, Dingyu and Menon, Vipin and Song, Bicna and Boccara, Samuel and Zhang, Nan and Zhao, Huan and Zhao, Jiahui Hazel and others and Swargam, Bharath Kumar and Ament, Seth A. and Diao, Yarui and Zhang, Hanrui and Chao, Lumen and Hon, Gary and Huangfu, Danwei and Li, Wei","Su, Yangqi",10.64898/2026.03.12.711379,https://doi.org/10.64898/2026.03.12.711379,https://doi.org/10.64898/2026.03.12.711379,https://github.com/davidliwei/pertTF,https://github.com/davidliwei/pertTF (official),,model_paper,perturbation_response_modeling; single_cell_rna_seq,,1,1.69314718,explicit_paper_claim,Title explicitly describes cross-system perturbation prediction.,scope_only,"Paper addresses genetic perturbations, but local metadata does not establish held-out-perturbation evaluation.",not_established,Available local metadata does not establish this capability.,not_established,Available local metadata does not establish this capability.,,not_established,Available local metadata does not establish this capability.,,False,False,False,False,False,metrics-db/pdfs/pertTF.pdf,metrics-db/extracted_markdown/pertTF.md,metrics-db/extracted_text/pertTF.txt,metrics-db/bib/papers.bib,metrics-db/data/papers/pertTF.yaml,Notebook word-cloud filter: category=model_paper; tags include perturbation_response_modeling and single_cell_rna_seq; notebook exclusions applied,notebooks/metric_benchmark_correlations_dataframe.ipynb
PerturbDiff,PerturbDiff: Functional Diffusion for Single-Cell Perturbation Modeling,perturbDiff,2026,misc,arXiv,"Yuan, Xinyu and Liu, Xixian and Zhang, Ya Shi and Zhang, Zuobai and Guo, Hongyu and Tang, Jian","Yuan, Xinyu",10.48550/arXiv.2602.19685,https://doi.org/10.48550/arXiv.2602.19685,https://doi.org/10.48550/arXiv.2602.19685,https://github.com/DeepGraphLearning/PerturbDiff,https://github.com/DeepGraphLearning/PerturbDiff (mentioned_in_paper),,model_paper,perturbation_response_modeling; single_cell_rna_seq,,0,1.0,not_established,Available local metadata does not establish this capability.,not_established,Available local metadata does not establish this capability.,not_established,Available local metadata does not establish this capability.,not_established,Available local metadata does not establish this capability.,,not_established,Available local metadata does not establish this capability.,,False,False,False,False,False,metrics-db/pdfs/perturbDiff.pdf,metrics-db/extracted_markdown/perturbDiff.md,,metrics-db/bib/papers.bib,metrics-db/data/papers/perturbDiff.yaml,Notebook word-cloud filter: category=model_paper; tags include perturbation_response_modeling and single_cell_rna_seq; notebook exclusions applied,notebooks/metric_benchmark_correlations_dataframe.ipynb
PerturbedVAE,What Makes a Representation Good for Single-Cell Perturbation Prediction?,perturbVAE,2026,misc,arXiv,"Jiang, Wenkang and Liu, Yuhang and Cai, Yichao and Gao, Erdun and Dong, Jiayi and Abbasnejad, Ehsan and Yao, Lina and Shi, Javen Qinfeng","Jiang, Wenkang",10.48550/arXiv.2605.19343,https://doi.org/10.48550/arXiv.2605.19343,https://doi.org/10.48550/arXiv.2605.19343,,,,model_paper,perturbation_response_modeling; single_cell_rna_seq,,0,1.0,not_established,Available local metadata does not establish this capability.,scope_only,"Paper addresses genetic perturbations, but local metadata does not establish held-out-perturbation evaluation.",not_established,Available local metadata does not establish this capability.,directly_evaluated,Paper trains on single-gene interventions and evaluates entirely held-out double-gene combinations.,Norman2019,not_established,Available local metadata does not establish this capability.,,False,False,False,False,False,metrics-db/pdfs/perturbVAE.pdf,metrics-db/extracted_markdown/perturbVAE.md,,metrics-db/bib/papers.bib,metrics-db/data/papers/perturbVAE.yaml,Notebook word-cloud filter: category=model_paper; tags include perturbation_response_modeling and single_cell_rna_seq; notebook exclusions applied,notebooks/metric_benchmark_correlations_dataframe.ipynb
PerturbGen,Predicting How Perturbations Reshape Cellular Trajectories with PerturbGen,perturbGen,2026,misc,bioRxiv,"Ly, Kevin Chi Hao and Feriz, Adib Miraki and Isobe, Tomoya and Vahidi, Amirhossein and Vaghari, Delshad and Rostron, Anthony and Londono, Mariana Quiroga and Mende, Nicole and Vijayabaskar, M. S. and Moullet, Marie and Foster, April Rose and Graves, Emily and Torabi, Fereshteh and Admane, Chloe and Horsfall, David and Basurto-Lozada, Daniela and Stephenson, Emily and Botting, Rachel A. and Iskander, Deena and Webb, Simone and Goh, Issac and Jafree, Daniyal and Sturgess, Katherine H. M. and Scott, Jonathan and Sendama, Wezi and Magnani, Laura and Hannah, Rebecca and Asadollahzadeh, Hesam and Holland, Ash and Prete, Martin and Simpson, John and Roy, Anindita and Roberts, Irene and Jardine, Laura and Laurenti, Elisa and Trynka, Gosia and Wilson, Nicola K. and Haniffa, Muzlifah and Gottgens, Berthold and Lotfollahi, Mo","Ly, Kevin Chi Hao",10.64898/2026.03.04.709254,https://doi.org/10.64898/2026.03.04.709254,https://doi.org/10.64898/2026.03.04.709254,https://github.com/Lotfollahi-lab/Perturbgen,https://github.com/Lotfollahi-lab/Perturbgen (primary),,model_paper; dataset_paper,perturbation_response_modeling; single_cell_rna_seq,,0,1.0,not_established,Available local metadata does not establish this capability.,scope_only,"Paper addresses genetic perturbations, but local metadata does not establish held-out-perturbation evaluation.",not_established,Available local metadata does not establish this capability.,not_established,Available local metadata does not establish this capability.,,not_established,Available local metadata does not establish this capability.,,False,False,False,False,False,,metrics-db/extracted_markdown/perturbGen.md,,metrics-db/bib/papers.bib,metrics-db/data/papers/perturbGen.yaml,Notebook word-cloud filter: category=model_paper; tags include perturbation_response_modeling and single_cell_rna_seq; notebook exclusions applied,notebooks/metric_benchmark_correlations_dataframe.ipynb
PerturbGraph,Predicting Unseen Gene Perturbation Response Using Graph Neural Networks with Biological Priors,perturbGraph,2026,article,bioRxiv,"Dip, Sajib Acharjee and Zhang, Liqing","Dip, Sajib Acharjee",10.64898/2026.03.23.713780,https://doi.org/10.64898/2026.03.23.713780,https://doi.org/10.64898/2026.03.23.713780,https://github.com/Sajib-006/PerturbGraph,https://github.com/Sajib-006/PerturbGraph (benchmark|primary),,model_paper,perturbation_response_modeling; single_cell_rna_seq,,0,1.0,not_established,Available local metadata does not establish this capability.,explicit_paper_claim,Title explicitly states unseen gene-perturbation prediction.,not_established,Available local metadata does not establish this capability.,not_established,Available local metadata does not establish this capability.,,not_established,Available local metadata does not establish this capability.,,False,False,False,False,False,metrics-db/pdfs/perturbGraph.pdf,metrics-db/extracted_markdown/perturbGraph.md,metrics-db/extracted_text/perturbGraph.txt,metrics-db/bib/papers.bib,metrics-db/data/papers/perturbGraph.yaml,Notebook word-cloud filter: category=model_paper; tags include perturbation_response_modeling and single_cell_rna_seq; notebook exclusions applied,notebooks/metric_benchmark_correlations_dataframe.ipynb
PerturbNet,PerturbNet Predicts Single-Cell Responses to Unseen Chemical and Genetic Perturbations,perturbNet,2025,article,Molecular Systems Biology,"Yu, Hengshi and Qian, Weizhou and Song, Yuxuan and Welch, Joshua D","Yu, Hengshi",10.1038/s44320-025-00131-3,https://doi.org/10.1038/s44320-025-00131-3,https://doi.org/10.1038/s44320-025-00131-3,https://github.com/aspuru-guzik-group/chemical_vae; https://github.com/welch-lab/PerturbNet; https://github.com/welchlab/PerturbNet,https://github.com/aspuru-guzik-group/chemical_vae (official); https://github.com/welch-lab/PerturbNet (reproducibility); https://github.com/welchlab/PerturbNet (official),,model_paper,perturbation_response_modeling; single_cell_rna_seq,,19,3.99573227,not_established,Available local metadata does not establish this capability.,explicit_paper_claim,Title explicitly states unseen genetic and chemical perturbation prediction.,explicit_paper_claim,Title explicitly states unseen chemical and genetic perturbation prediction.,directly_evaluated,Paper evaluates two-gene perturbations with one or both target genes unobserved.,Norman2019,not_established,Available local metadata does not establish this capability.,,False,False,False,False,False,metrics-db/pdfs/perturbNet.pdf,metrics-db/extracted_markdown/perturbNet.md,metrics-db/extracted_text/perturbNet.txt,metrics-db/bib/papers.bib,metrics-db/data/papers/perturbNet.yaml,Notebook word-cloud filter: category=model_paper; tags include perturbation_response_modeling and single_cell_rna_seq; notebook exclusions applied,notebooks/metric_benchmark_correlations_dataframe.ipynb
PerturbODE,Interpretable Neural ODEs for Gene Regulatory Network Discovery under Perturbations,perturbODE,2025,misc,arXiv,"Lin, Zaikang and Chang, Sei and Zweig, Aaron and Azizi, Elham and Knowles, David A.","Lin, Zaikang",10.48550/arXiv.2501.02409,https://doi.org/10.48550/arXiv.2501.02409,https://doi.org/10.48550/arXiv.2501.02409,https://github.com/daklab/PerturbODE,https://github.com/daklab/PerturbODE (reproducibility),,model_paper,perturbation_response_modeling; single_cell_rna_seq,,0,1.0,not_established,Available local metadata does not establish this capability.,not_established,Available local metadata does not establish this capability.,not_established,Available local metadata does not establish this capability.,not_established,Available local metadata does not establish this capability.,,not_established,Available local metadata does not establish this capability.,,False,False,False,False,False,metrics-db/pdfs/perturbODE.pdf,metrics-db/extracted_markdown/perturbODE.md,,metrics-db/bib/papers.bib,metrics-db/data/papers/perturbODE.yaml,Notebook word-cloud filter: category=model_paper; tags include perturbation_response_modeling and single_cell_rna_seq; notebook exclusions applied,notebooks/metric_benchmark_correlations_dataframe.ipynb
PerturbPFN,PerturbPFN: Probing the Limits of Synthetic Priors in Drug Perturbation Modelling,perturbPFN,2026,misc,arXiv,"Gao, Yuche and Hern\'andez-Lobato, José Miguel and Guo, Siyuan","Gao, Yuche",10.48550/arXiv.2607.23447,https://doi.org/10.48550/arXiv.2607.23447,https://doi.org/10.48550/arXiv.2607.23447,,,,model_paper,perturbation_response_modeling; single_cell_rna_seq,,0,1.0,not_established,Available local metadata does not establish this capability.,not_established,Available local metadata does not establish this capability.,explicit_paper_claim,Paper explicitly targets cellular responses to unseen chemical perturbations.,not_established,Available local metadata does not establish this capability.,,not_established,Available local metadata does not establish this capability.,,False,False,False,False,False,,metrics-db/extracted_markdown/perturbPFN.md,,metrics-db/bib/papers.bib,metrics-db/data/papers/perturbPFN.yaml,Notebook word-cloud filter: category=model_paper; tags include perturbation_response_modeling and single_cell_rna_seq; notebook exclusions applied,notebooks/metric_benchmark_correlations_dataframe.ipynb
PRESAGE,Gene-Embedding-Based Prediction and Functional Evaluation of Perturbation Expression Responses with PRESAGE,presage,2025,article,bioRxiv,"Littman, Russell and Levine, Jacob and Maleki, Sepideh and Lee, Yongju and Ermakov, Vladimir and Qiu, Lin and Wu, Alexander and Huang, Kexin and Lopez, Romain and Scalia, Gabriele and Biancalani, Tommaso and Richmond, David and Regev, Aviv and Hütter, Jan-Christian","Littman, Russell",10.1101/2025.06.03.657653,https://doi.org/10.1101/2025.06.03.657653,https://doi.org/10.1101/2025.06.03.657653,https://github.com/genentech/PRESAGE,https://github.com/genentech/PRESAGE (official|primary),,model_paper; metric_paper,perturbation_response_modeling; single_cell_rna_seq,,6,2.94591015,not_established,Available local metadata does not establish this capability.,explicit_paper_claim,Paper explicitly predicts unseen single-gene perturbations.,not_established,Available local metadata does not establish this capability.,not_established,Available local metadata does not establish this capability.,,not_established,Available local metadata does not establish this capability.,,False,False,False,False,False,metrics-db/pdfs/presage.pdf,metrics-db/extracted_markdown/presage.md,metrics-db/extracted_text/presage.txt,metrics-db/bib/papers.bib,metrics-db/data/papers/presage.yaml,Notebook word-cloud filter: category=model_paper; tags include perturbation_response_modeling and single_cell_rna_seq; notebook exclusions applied,notebooks/metric_benchmark_correlations_dataframe.ipynb
PRESCRIBE,PRESCRIBE: Predicting Single-Cell Responses with Bayesian Estimation,prescribe,2025,article,arXiv,"Cheng, Jiabei and Chi, Changxi and Zhou, Jingbo and Xin, Hongyi and Xia, Jun","Cheng, Jiabei",10.48550/arXiv.2510.07964,https://doi.org/10.48550/arXiv.2510.07964,https://doi.org/10.48550/arXiv.2510.07964,https://github.com/Bunnybeibei/PRESCRIBE,https://github.com/Bunnybeibei/PRESCRIBE (official),,model_paper,perturbation_response_modeling; single_cell_rna_seq,,0,1.0,not_established,Available local metadata does not establish this capability.,scope_only,"Paper addresses genetic perturbations, but local metadata does not establish held-out-perturbation evaluation.",not_established,Available local metadata does not establish this capability.,not_established,Available local metadata does not establish this capability.,,not_established,Available local metadata does not establish this capability.,,False,False,False,False,False,metrics-db/pdfs/prescribe.pdf,metrics-db/extracted_markdown/prescribe.md,metrics-db/extracted_text/prescribe.txt,metrics-db/bib/papers.bib,metrics-db/data/papers/prescribe.yaml,Notebook word-cloud filter: category=model_paper; tags include perturbation_response_modeling and single_cell_rna_seq; notebook exclusions applied,notebooks/metric_benchmark_correlations_dataframe.ipynb
PRiMeFlow,PRiMeFlow: Capturing Complex Expression Heterogeneity in Perturbation Response Modelling,primeflow,2026,misc,arXiv,"Yan, Zichao and Wu, Yan and Ji, Mica Xu and Agrahar, Chaitra and Wershof, Esther and Nassar, Marcel and Sadria, Mehrshad and Eksi, Ridvan and Trifonov, Vladimir and Ibarra, Ignacio and Felgueira, Telmo and Osi\'nski, B\la\.zej and Stark, Rory","Yan, Zichao",10.48550/arXiv.2604.13986,https://doi.org/10.48550/arXiv.2604.13986,https://doi.org/10.48550/arXiv.2604.13986,,,,model_paper,perturbation_response_modeling; single_cell_rna_seq,,0,1.0,not_established,Available local metadata does not establish this capability.,not_established,Available local metadata does not establish this capability.,scope_only,"Paper addresses chemical perturbations, but local metadata does not establish held-out-perturbation evaluation.",not_established,Available local metadata does not establish this capability.,,not_established,Available local metadata does not establish this capability.,,False,False,False,False,False,,metrics-db/extracted_markdown/primeflow.md,,metrics-db/bib/papers.bib,metrics-db/data/papers/primeflow.yaml,Notebook word-cloud filter: category=model_paper; tags include perturbation_response_modeling and single_cell_rna_seq; notebook exclusions applied,notebooks/metric_benchmark_correlations_dataframe.ipynb
PRnet,Predicting Transcriptional Responses to Novel Chemical Perturbations Using Deep Generative Model for Drug Discovery,prNet,2024,article,Nature Communications,"Qi, Xiaoning and Zhao, Lianhe and Tian, Chenyu and Li, Yueyue and Chen, Zhen-Lin and Huo, Peipei and Chen, Runsheng and Liu, Xiaodong and Wan, Baoping and Yang, Shengyong and Zhao, Yi","Qi, Xiaoning",10.1038/s41467-024-53457-1,https://doi.org/10.1038/s41467-024-53457-1,https://doi.org/10.1038/s41467-024-53457-1,,,,model_paper,perturbation_response_modeling; single_cell_rna_seq,,64,5.17438727,explicit_paper_claim,"Paper reports prediction across novel compounds, pathways, and cell lines.",not_established,Available local metadata does not establish this capability.,benchmark_evaluated,Evaluated on unseen chemical perturbations in scPerturBench.,not_established,Available local metadata does not establish this capability.,,benchmark_evaluated,evaluated on chemical combinations in scPerturBench.,sciPlex3-comb,False,False,True,False,True,,,,metrics-db/bib/papers.bib,metrics-db/data/papers/prNet.yaml,Notebook word-cloud filter: category=model_paper; tags include perturbation_response_modeling and single_cell_rna_seq; notebook exclusions applied,notebooks/metric_benchmark_correlations_dataframe.ipynb
Probability-of-Hit,Many Needles in a Haystack: Active Hit Discovery for Perturbation Experiments,rubbiManyNeedlesHaystack2026,2026,misc,arXiv,"Rubbi, Andrea and Merchant, Arpit and Ogden, Samuel and Akbarnejad, Amir and Li\`o, Pietro and Vakili, Sattar and Lotfollahi, Mo","Rubbi, Andrea",10.48550/arXiv.2605.10196,https://doi.org/10.48550/arXiv.2605.10196,https://doi.org/10.48550/arXiv.2605.10196,,,,model_paper,perturbation_response_modeling; single_cell_rna_seq,,0,1.0,not_established,Available local metadata does not establish this capability.,scope_only,"Paper addresses genetic perturbations, but local metadata does not establish held-out-perturbation evaluation.",not_established,Available local metadata does not establish this capability.,not_established,Available local metadata does not establish this capability.,,not_established,Available local metadata does not establish this capability.,,False,False,False,False,False,metrics-db/pdfs/rubbiManyNeedlesHaystack2026.pdf,metrics-db/extracted_markdown/rubbiManyNeedlesHaystack2026.md,,metrics-db/bib/papers.bib,metrics-db/data/papers/rubbiManyNeedlesHaystack2026.yaml,Notebook word-cloud filter: category=model_paper; tags include perturbation_response_modeling and single_cell_rna_seq; notebook exclusions applied,notebooks/metric_benchmark_correlations_dataframe.ipynb
Rhaister,Back to Basics: Observed Statistics Are Sufficient to Predict Drug Responses,rhaister,2026,misc,Genomics,"Svensson, Valentine and Khan, Umair and Heydari, Hamed and Ubas, Airol A. and Thomas, Nicole and Merico, Daniele and Goodarzi, Hani and Yu, John and Alidoust, Nima and Gandhi, Shreshth","Svensson, Valentine",10.64898/2026.06.09.731197,https://doi.org/10.64898/2026.06.09.731197,https://doi.org/10.64898/2026.06.09.731197,,,,model_paper; dataset_paper,perturbation_response_modeling; single_cell_rna_seq,,0,1.0,explicit_paper_claim,Paper claims zero-shot drug-response prediction in new cellular contexts.,scope_only,"Paper addresses genetic perturbations, but local metadata does not establish held-out-perturbation evaluation.",scope_only,"Paper addresses chemical perturbations, but local metadata does not establish held-out-perturbation evaluation.",not_established,Available local metadata does not establish this capability.,,not_established,Available local metadata does not establish this capability.,,False,False,False,False,False,,,,metrics-db/bib/papers.bib,metrics-db/data/papers/rhaister.yaml,Notebook word-cloud filter: category=model_paper; tags include perturbation_response_modeling and single_cell_rna_seq; notebook exclusions applied,notebooks/metric_benchmark_correlations_dataframe.ipynb
SALT & PEPER,Season Combinatorial Intervention Predictions with Salt & Peper,saltPeper,2024,article,arXiv,"Gaudelet, Thomas and Vecchio, Alice Del and Carrami, Eli M and Cudini, Juliana and Kapourani, Chantriolnt-Andreas and Uhler, Caroline and Edwards, Lindsay","Gaudelet, Thomas",10.48550/arxiv.2404.16907,https://doi.org/10.48550/arxiv.2404.16907,https://doi.org/10.48550/arxiv.2404.16907,,,,model_paper,perturbation_response_modeling; single_cell_rna_seq,,4,2.60943791,not_established,Available local metadata does not establish this capability.,not_established,Available local metadata does not establish this capability.,not_established,Available local metadata does not establish this capability.,directly_evaluated,Paper evaluates held-out combinatorial genetic interventions under in- and out-of-distribution splits.,Norman2019; Wessels2023,not_established,Available local metadata does not establish this capability.,,False,False,False,False,False,metrics-db/pdfs/saltPeper.pdf,metrics-db/extracted_markdown/saltPeper.md,metrics-db/extracted_text/saltPeper.txt,metrics-db/bib/papers.bib,metrics-db/data/papers/saltPeper.yaml,Notebook word-cloud filter: category=model_paper; tags include perturbation_response_modeling and single_cell_rna_seq; notebook exclusions applied,notebooks/metric_benchmark_correlations_dataframe.ipynb
SAMS-VAE,Modelling Cellular Perturbations with the Sparse Additive Mechanism Shift Variational Autoencoder,samsVAE,2023,inproceedings,Advances in Neural Information Processing Systems 36,"Bereket, Michael and Karaletsos, Theofanis","Bereket, Michael",,,https://proceedings.neurips.cc/paper_files/paper/2023/hash/0001ca33ba34ce0351e4612b744b3936-Abstract-Conference.html,https://github.com/insitro/sams-vae,https://github.com/insitro/sams-vae (official),,model_paper,perturbation_response_modeling; single_cell_rna_seq,,8,3.19722458,not_established,Available local metadata does not establish this capability.,not_established,Available local metadata does not establish this capability.,not_established,Available local metadata does not establish this capability.,not_established,Available local metadata does not establish this capability.,,not_established,Available local metadata does not establish this capability.,,False,False,False,False,False,metrics-db/pdfs/samsVAE.pdf,metrics-db/extracted_markdown/samsVAE.md,metrics-db/extracted_text/samsVAE.txt,metrics-db/bib/papers.bib,metrics-db/data/papers/samsVAE.yaml,Notebook word-cloud filter: category=model_paper; tags include perturbation_response_modeling and single_cell_rna_seq; notebook exclusions applied,notebooks/metric_benchmark_correlations_dataframe.ipynb
scBIG,Beyond Independent Genes: Learning Module-Inductive Representations for Gene Perturbation Prediction,scBIG,2026,misc,arXiv,"Ruan, Jiafa and Quan, Ruijie and Yang, Zongxin and Xu, Liyang and Yang, Yi","Ruan, Jiafa",10.48550/arXiv.2602.04901,https://doi.org/10.48550/arXiv.2602.04901,https://doi.org/10.48550/arXiv.2602.04901,,,,model_paper,perturbation_response_modeling; single_cell_rna_seq,,0,1.0,not_established,Available local metadata does not establish this capability.,explicit_paper_claim,Paper explicitly evaluates unseen and combinatorial genetic perturbations.,not_established,Available local metadata does not establish this capability.,directly_evaluated,Paper evaluates unseen dual-gene combinations under additive and held-out-gene splits.,Norman2019,not_established,Available local metadata does not establish this capability.,,False,False,False,False,False,metrics-db/pdfs/scBIG.pdf,metrics-db/extracted_markdown/scBIG.md,,metrics-db/bib/papers.bib,metrics-db/data/papers/scBIG.yaml,Notebook word-cloud filter: category=model_paper; tags include perturbation_response_modeling and single_cell_rna_seq; notebook exclusions applied,notebooks/metric_benchmark_correlations_dataframe.ipynb
scCausalVI,scCausalVI Disentangles Single-Cell Perturbation Responses with Causality-Aware Generative Model,sccausalvi,2025,article,Cell Systems,"An, Shaokun and Cho, Jae-Won and Cao, Kai and Xiong, Jiankang and Hemberg, Martin and Wan, Lin","An, Shaokun",10.1016/j.cels.2025.101443,https://doi.org/10.1016/j.cels.2025.101443,https://doi.org/10.1016/j.cels.2025.101443,https://github.com/ShaokunAn/scCausalVI-reproducibility,https://github.com/ShaokunAn/scCausalVI-reproducibility (reproducibility),,model_paper,perturbation_response_modeling; single_cell_rna_seq,,3,2.38629436,not_established,Available local metadata does not establish this capability.,not_established,Available local metadata does not establish this capability.,not_established,Available local metadata does not establish this capability.,not_established,Available local metadata does not establish this capability.,,not_established,Available local metadata does not establish this capability.,,False,False,False,False,False,metrics-db/pdfs/sccausalvi.pdf,metrics-db/extracted_markdown/sccausalvi.md,,metrics-db/bib/papers.bib,metrics-db/data/papers/sccausalvi.yaml,Notebook word-cloud filter: category=model_paper; tags include perturbation_response_modeling and single_cell_rna_seq; notebook exclusions applied,notebooks/metric_benchmark_correlations_dataframe.ipynb
scCBGM,scCBGM: Interpretable Single-Cell Counterfactual Editing,scCBGM,2026,misc,arXiv,"Andersson, Alma and Ismail, Aya Abdelsalam and Brouwer, Edward De and Haviv, Doron and Biancalani, Tommaso and Cho, Kyunghyun and Scalia, Gabriele and BenTaieb, A\""icha and Bravo, Hector Corrada","Andersson, Alma",10.48550/arXiv.2606.07760,https://doi.org/10.48550/arXiv.2606.07760,https://doi.org/10.48550/arXiv.2606.07760,,,https://anonymous.4open.science/r/mlgenx-sccbgm,model_paper,perturbation_response_modeling; single_cell_rna_seq,,0,1.0,not_established,Available local metadata does not establish this capability.,not_established,Available local metadata does not establish this capability.,scope_only,"Paper addresses chemical perturbations, but local metadata does not establish held-out-perturbation evaluation.",not_established,Available local metadata does not establish this capability.,,not_established,Available local metadata does not establish this capability.,,False,False,False,False,False,metrics-db/pdfs/scCBGM.pdf,metrics-db/extracted_markdown/scCBGM.md,metrics-db/extracted_text/scCBGM.txt,metrics-db/bib/papers.bib,metrics-db/data/papers/scCBGM.yaml,Notebook word-cloud filter: category=model_paper; tags include perturbation_response_modeling and single_cell_rna_seq; notebook exclusions applied,notebooks/metric_benchmark_correlations_dataframe.ipynb
SCCVAE,Learning Genetic Perturbation Effects with Variational Causal Inference,scCVAE,2025,article,bioRxiv,"Liu, Emily and Zhang, Jiaqi and Uhler, Caroline","Liu, Emily",10.1101/2025.06.05.657988,https://doi.org/10.1101/2025.06.05.657988,https://doi.org/10.1101/2025.06.05.657988,,,,model_paper,perturbation_response_modeling; single_cell_rna_seq,,1,1.69314718,not_established,Available local metadata does not establish this capability.,scope_only,"Paper addresses genetic perturbations, but local metadata does not establish held-out-perturbation evaluation.",not_established,Available local metadata does not establish this capability.,not_established,Available local metadata does not establish this capability.,,not_established,Available local metadata does not establish this capability.,,False,False,False,False,False,metrics-db/pdfs/scCVAE.pdf,metrics-db/extracted_markdown/scCVAE.md,metrics-db/extracted_text/scCVAE.txt,metrics-db/bib/papers.bib,metrics-db/data/papers/scCVAE.yaml,Notebook word-cloud filter: category=model_paper; tags include perturbation_response_modeling and single_cell_rna_seq; notebook exclusions applied,notebooks/metric_benchmark_correlations_dataframe.ipynb
scDCA,Efficient Fine-Tuning of Single-Cell Foundation Models Enables Zero-Shot Molecular Perturbation Prediction,scDCA,2024,article,arXiv,"Maleki, Sepideh and Huetter, Jan-Christian and Chuang, Kangway V. and Scalia, Gabriele and Biancalani, Tommaso","Maleki, Sepideh",10.48550/arXiv.2412.13478,https://doi.org/10.48550/arXiv.2412.13478,https://doi.org/10.48550/arXiv.2412.13478,,,,model_paper,perturbation_response_modeling; single_cell_rna_seq,,2,2.09861229,not_established,Available local metadata does not establish this capability.,not_established,Available local metadata does not establish this capability.,explicit_paper_claim,Title explicitly states zero-shot molecular perturbation prediction.,not_established,Available local metadata does not establish this capability.,,not_established,Available local metadata does not establish this capability.,,False,False,False,False,False,metrics-db/pdfs/scDCA.pdf,metrics-db/extracted_markdown/scDCA.md,metrics-db/extracted_text/scDCA.txt,metrics-db/bib/papers.bib,metrics-db/data/papers/scDCA.yaml,Notebook word-cloud filter: category=model_paper; tags include perturbation_response_modeling and single_cell_rna_seq; notebook exclusions applied,notebooks/metric_benchmark_correlations_dataframe.ipynb
scDFM,scDFM: Distributional Flow Matching Model for Robust Single-Cell Perturbation Prediction,scDFM,2026,inproceedings,The Fourteenth International Conference on Learning Representations,"Yu, Chenglei and Wang, Chuanrui and Liao, Bangyan and Wu, Tailin","Yu, Chenglei",10.48550/arXiv.2602.07103,https://doi.org/10.48550/arXiv.2602.07103,https://arxiv.org/abs/2602.07103,,,https://anonymous.4open.science/r/scDFM-5DB3,model_paper,perturbation_response_modeling; single_cell_rna_seq,,0,1.0,not_established,Available local metadata does not establish this capability.,not_established,Available local metadata does not establish this capability.,not_established,Available local metadata does not establish this capability.,not_established,Available local metadata does not establish this capability.,,not_established,Available local metadata does not establish this capability.,,False,False,False,False,False,metrics-db/pdfs/scDFM.pdf,metrics-db/extracted_markdown/scDFM.md,metrics-db/extracted_text/scDFM.txt,metrics-db/bib/papers.bib,metrics-db/data/papers/scDFM.yaml,Notebook word-cloud filter: category=model_paper; tags include perturbation_response_modeling and single_cell_rna_seq; notebook exclusions applied,notebooks/metric_benchmark_correlations_dataframe.ipynb
scDisInFact,scDisInFact: Disentangled Learning for Integration and Prediction of Multi-Batch Multi-Condition Single-Cell RNA-Sequencing Data,scDisInFact,2024,article,Nature Communications,"Zhang, Ziqi and Zhao, Xinye and Bindra, Mehak and Qiu, Peng and Zhang, Xiuwei","Zhang, Ziqi",10.1038/s41467-024-45227-w,https://doi.org/10.1038/s41467-024-45227-w,https://doi.org/10.1038/s41467-024-45227-w,,,,model_paper,perturbation_response_modeling; single_cell_rna_seq,,33,4.52636052,benchmark_evaluated,Evaluated in the cellular-context generalization scenario of scPerturBench.,not_established,Available local metadata does not establish this capability.,not_established,Available local metadata does not establish this capability.,not_established,Available local metadata does not establish this capability.,,not_established,Available local metadata does not establish this capability.,,True,False,False,False,False,,,,metrics-db/bib/papers.bib,metrics-db/data/papers/scDisInFact.yaml,Notebook word-cloud filter: category=model_paper; tags include perturbation_response_modeling and single_cell_rna_seq; notebook exclusions applied,notebooks/metric_benchmark_correlations_dataframe.ipynb
scDRP,Single-Cell Disentangled Representations for Perturbation Modeling and Treatment Effect Estimation,sunSinglecellDisentangledRepresentations2026,2026,misc,bioRxiv,"Sun, Jianle and Stojanov, Petar and Zhang, Kun","Sun, Jianle",10.1101/2025.11.21.689783,https://doi.org/10.1101/2025.11.21.689783,https://doi.org/10.1101/2025.11.21.689783,,,,model_paper,perturbation_response_modeling; single_cell_rna_seq,,0,1.0,not_established,Available local metadata does not establish this capability.,not_established,Available local metadata does not establish this capability.,not_established,Available local metadata does not establish this capability.,not_established,Available local metadata does not establish this capability.,,not_established,Available local metadata does not establish this capability.,,False,False,False,False,False,metrics-db/pdfs/sunSinglecellDisentangledRepresentations2026.pdf,metrics-db/extracted_markdown/sunSinglecellDisentangledRepresentations2026.md,,metrics-db/bib/papers.bib,metrics-db/data/papers/sunSinglecellDisentangledRepresentations2026.yaml,Notebook word-cloud filter: category=model_paper; tags include perturbation_response_modeling and single_cell_rna_seq; notebook exclusions applied,notebooks/metric_benchmark_correlations_dataframe.ipynb
scGen,scGen Predicts Single-Cell Perturbation Responses,scGen,2019,article,Nature Methods,"Lotfollahi, Mohammad and Wolf, F. Alexander and Theis, Fabian J.","Lotfollahi, Mohammad",10.1038/s41592-019-0494-8,https://doi.org/10.1038/s41592-019-0494-8,https://doi.org/10.1038/s41592-019-0494-8,https://github.com/theislab/scGen_reproducibility; https://github.com/theislab/scgen; https://github.com/theislab/scgen-reproducibility,https://github.com/theislab/scGen_reproducibility (reproducibility); https://github.com/theislab/scgen (official); https://github.com/theislab/scgen-reproducibility (reproducibility),,model_paper,perturbation_response_modeling; single_cell_rna_seq,,707,7.56244409,benchmark_evaluated,Evaluated in the cellular-context generalization scenario of scPerturBench.,not_established,Available local metadata does not establish this capability.,not_established,Available local metadata does not establish this capability.,not_established,Available local metadata does not establish this capability.,,not_established,Available local metadata does not establish this capability.,,True,False,False,False,False,metrics-db/pdfs/scGen.pdf,metrics-db/extracted_markdown/scGen.md,metrics-db/extracted_text/scGen.txt,metrics-db/bib/papers.bib,metrics-db/data/papers/scGen.yaml,Notebook word-cloud filter: category=model_paper; tags include perturbation_response_modeling and single_cell_rna_seq; notebook exclusions applied,notebooks/metric_benchmark_correlations_dataframe.ipynb
scGenePT,scGenePT: Is Language All You Need for Modeling Single-Cell Perturbations?,scGenePT,2024,article,bioRxiv,"Istrate, Ana-Maria and Li, Donghui and Karaletsos, Theofanis","Istrate, Ana-Maria",10.1101/2024.10.23.619972,https://doi.org/10.1101/2024.10.23.619972,https://doi.org/10.1101/2024.10.23.619972,https://github.com/bowang-lab/scGPT,https://github.com/bowang-lab/scGPT (mentioned_in_paper),,model_paper,perturbation_response_modeling; single_cell_rna_seq,,12,3.56494936,not_established,Available local metadata does not establish this capability.,scope_only,"Paper addresses genetic perturbations, but local metadata does not establish held-out-perturbation evaluation.",not_established,Available local metadata does not establish this capability.,not_established,Available local metadata does not establish this capability.,,not_established,Available local metadata does not establish this capability.,,False,False,False,False,False,metrics-db/pdfs/scGenePT.pdf,metrics-db/extracted_markdown/scGenePT.md,metrics-db/extracted_text/scGenePT.txt,metrics-db/bib/papers.bib,metrics-db/data/papers/scGenePT.yaml,Notebook word-cloud filter: category=model_paper; tags include perturbation_response_modeling and single_cell_rna_seq; notebook exclusions applied,notebooks/metric_benchmark_correlations_dataframe.ipynb
scGPT,scGPT: Toward Building a Foundation Model for Single-Cell Multi-Omics Using Generative AI,scgpt,2024,article,Nature Methods,"Cui, Haotian and Wang, Chloe and Maan, Hassaan and Pang, Kuan and Luo, Fengning and Duan, Nan and Wang, Bo","Cui, Haotian",10.1038/s41592-024-02201-0,https://doi.org/10.1038/s41592-024-02201-0,https://doi.org/10.1038/s41592-024-02201-0,https://github.com/bowang-lab/scGPT,https://github.com/bowang-lab/scGPT (primary),,model_paper,perturbation_response_modeling; single_cell_rna_seq,Early single-cell foundation model.,1138,8.03790596,not_established,Available local metadata does not establish this capability.,benchmark_evaluated,Evaluated on unseen genetic perturbations in scPerturBench.,not_established,Available local metadata does not establish this capability.,benchmark_evaluated,"Paper evaluates two-gene perturbations with zero, one, or two component genes unseen. Also evaluated across four genetic-combination datasets in scPerturBench.",Norman2019; Wessels2023; Schmidt; Replogle2020,not_established,Available local metadata does not establish this capability.,,False,True,False,True,False,metrics-db/pdfs/scgpt.pdf,metrics-db/extracted_markdown/scgpt.md,metrics-db/extracted_text/scgpt.txt,metrics-db/bib/papers.bib,metrics-db/data/papers/scgpt.yaml,Notebook word-cloud filter: category=model_paper; tags include perturbation_response_modeling and single_cell_rna_seq; notebook exclusions applied,notebooks/metric_benchmark_correlations_dataframe.ipynb
scLAMBDA,Modeling and Predicting Single-Cell Multi-Gene Perturbation Responses with scLAMBDA,scLambda,2024,article,bioRxiv,"Wang, Gefei and Liu, Tianyu and Zhao, Jia and Cheng, Youshu and Zhao, Hongyu","Wang, Gefei",10.1101/2024.12.04.626878,https://doi.org/10.1101/2024.12.04.626878,https://doi.org/10.1101/2024.12.04.626878,https://github.com/gefeiwang/scLAMBDA,https://github.com/gefeiwang/scLAMBDA (official),,model_paper,perturbation_response_modeling; single_cell_rna_seq,,14,3.7080502,not_established,Available local metadata does not establish this capability.,scope_only,"Paper addresses genetic perturbations, but local metadata does not establish held-out-perturbation evaluation.",not_established,Available local metadata does not establish this capability.,directly_evaluated,Paper evaluates multi-gene perturbation response prediction using GEARS-style splits.,Norman2019,not_established,Available local metadata does not establish this capability.,,False,False,False,False,False,metrics-db/pdfs/scLambda.pdf,metrics-db/extracted_markdown/scLambda.md,metrics-db/extracted_text/scLambda.txt,metrics-db/bib/papers.bib,metrics-db/data/papers/scLambda.yaml,Notebook word-cloud filter: category=model_paper; tags include perturbation_response_modeling and single_cell_rna_seq; notebook exclusions applied,notebooks/metric_benchmark_correlations_dataframe.ipynb
Scouter,Scouter Predicts Transcriptional Responses to Genetic Perturbations with Large Language Model Embeddings,scouter,2026,article,Nature Computational Science,"Zhu, Ouyang and Li, Jun","Zhu, Ouyang",10.1038/s43588-025-00912-8,https://doi.org/10.1038/s43588-025-00912-8,https://doi.org/10.1038/s43588-025-00912-8,https://github.com/PancakeZoy/scouter; https://github.com/PancakeZoy/scouter_misc; https://github.com/yiqunchen/GenePT,https://github.com/PancakeZoy/scouter (primary|reproducibility); https://github.com/PancakeZoy/scouter_misc (misc|reproducibility); https://github.com/yiqunchen/GenePT (data_processing),,model_paper,perturbation_response_modeling; single_cell_rna_seq,,8,3.19722458,not_established,Available local metadata does not establish this capability.,benchmark_evaluated,Evaluated on unseen genetic perturbations in scPerturBench.,not_established,Available local metadata does not establish this capability.,benchmark_evaluated,"Paper evaluates two-gene perturbations across seen-2, seen-1, and seen-0 settings. Also evaluated across four genetic-combination datasets in scPerturBench.",Norman2019; Wessels2023; Schmidt; Replogle2020,not_established,Available local metadata does not establish this capability.,,False,True,False,True,False,metrics-db/pdfs/scouter.pdf,metrics-db/extracted_markdown/scouter.md,,metrics-db/bib/papers.bib,metrics-db/data/papers/scouter.yaml,Notebook word-cloud filter: category=model_paper; tags include perturbation_response_modeling and single_cell_rna_seq; notebook exclusions applied,notebooks/metric_benchmark_correlations_dataframe.ipynb
scPerb,scPerb: Predict Single-Cell Perturbation via Style Transfer-Based Variational Autoencoder,scPerb,2025,article,Journal of Advanced Research,"Tang, Zijia and Zhou, Minghao and Zhang, Kai and Song, Qianqian","Tang, Zijia",10.1016/j.jare.2024.10.035,https://doi.org/10.1016/j.jare.2024.10.035,https://doi.org/10.1016/j.jare.2024.10.035,https://github.com/QSong-github/scPerb,https://github.com/QSong-github/scPerb (benchmark),,model_paper,perturbation_response_modeling; single_cell_rna_seq,,4,2.60943791,not_established,Available local metadata does not establish this capability.,not_established,Available local metadata does not establish this capability.,not_established,Available local metadata does not establish this capability.,not_established,Available local metadata does not establish this capability.,,not_established,Available local metadata does not establish this capability.,,False,False,False,False,False,metrics-db/pdfs/scPerb.pdf,metrics-db/extracted_markdown/scPerb.md,,metrics-db/bib/papers.bib,metrics-db/data/papers/scPerb.yaml,Notebook word-cloud filter: category=model_paper; tags include perturbation_response_modeling and single_cell_rna_seq; notebook exclusions applied,notebooks/metric_benchmark_correlations_dataframe.ipynb
scPert,A Multi-Modal LLM-Knowledge Fusion Framework for Predicting Single-Cell Genetic Perturbation Effects,scPert,2026,misc,bioRxiv,"Lu, Mingkun and You, Nanxin and Zhang, Hongning and Zheng, Lingyan and Li, Bo and Jiang, Wanghao and Zhang, Yintao and Sun, Huaicheng and Zhou, Ying","Lu, Mingkun",10.64898/2026.04.24.720560,https://doi.org/10.64898/2026.04.24.720560,https://doi.org/10.64898/2026.04.24.720560,https://github.com/AI4VirtualCell/scPert,https://github.com/AI4VirtualCell/scPert (official|primary),,model_paper,perturbation_response_modeling; single_cell_rna_seq,,0,1.0,not_established,Available local metadata does not establish this capability.,explicit_paper_claim,Paper explicitly discusses generalization to unseen genes.,not_established,Available local metadata does not establish this capability.,not_established,Available local metadata does not establish this capability.,,not_established,Available local metadata does not establish this capability.,,False,False,False,False,False,metrics-db/pdfs/scPert.pdf,metrics-db/extracted_markdown/scPert.md,,metrics-db/bib/papers.bib,metrics-db/data/papers/scPert.yaml,Notebook word-cloud filter: category=model_paper; tags include perturbation_response_modeling and single_cell_rna_seq; notebook exclusions applied,notebooks/metric_benchmark_correlations_dataframe.ipynb
scPPDM,scPPDM: A Diffusion Model for Single-Cell Drug-Response Prediction,scPPDM,2025,article,arXiv,"Liang, Zhaokang and Zhuang, Shuyang and Jiao, Xiaoran and Mao, Weian and Chen, Hao and Shen, Chunhua","Liang, Zhaokang",10.48550/arXiv.2510.11726,https://doi.org/10.48550/arXiv.2510.11726,https://doi.org/10.48550/arXiv.2510.11726,,,,model_paper,perturbation_response_modeling; single_cell_rna_seq,,0,1.0,not_established,Available local metadata does not establish this capability.,not_established,Available local metadata does not establish this capability.,scope_only,"Paper addresses chemical perturbations, but local metadata does not establish held-out-perturbation evaluation.",not_established,Available local metadata does not establish this capability.,,not_established,Available local metadata does not establish this capability.,,False,False,False,False,False,metrics-db/pdfs/scPPDM.pdf,metrics-db/extracted_markdown/scPPDM.md,metrics-db/extracted_text/scPPDM.txt,metrics-db/bib/papers.bib,metrics-db/data/papers/scPPDM.yaml,Notebook word-cloud filter: category=model_paper; tags include perturbation_response_modeling and single_cell_rna_seq; notebook exclusions applied,notebooks/metric_benchmark_correlations_dataframe.ipynb
scPRAM,scPRAM Accurately Predicts Single-Cell Gene Expression Perturbation Response Based on Attention Mechanism,scpram,2024,article,Bioinformatics,"Jiang, Qun and Chen, Shengquan and Chen, Xiaoyang and Jiang, Rui","Jiang, Qun",10.1093/bioinformatics/btae265,https://doi.org/10.1093/bioinformatics/btae265,https://doi.org/10.1093/bioinformatics/btae265,https://github.com/jiang-q19/scPRAM,https://github.com/jiang-q19/scPRAM (official),,model_paper,perturbation_response_modeling; single_cell_rna_seq,,24,4.21887582,benchmark_evaluated,Evaluated in the cellular-context generalization scenario of scPerturBench.,not_established,Available local metadata does not establish this capability.,not_established,Available local metadata does not establish this capability.,not_established,Available local metadata does not establish this capability.,,not_established,Available local metadata does not establish this capability.,,True,False,False,False,False,metrics-db/pdfs/scpram.pdf,metrics-db/extracted_markdown/scpram.md,metrics-db/extracted_text/scpram.txt,metrics-db/bib/papers.bib,metrics-db/data/papers/scpram.yaml,Notebook word-cloud filter: category=model_paper; tags include perturbation_response_modeling and single_cell_rna_seq; notebook exclusions applied,notebooks/metric_benchmark_correlations_dataframe.ipynb
scPreGAN,"scPreGAN, a Deep Generative Model for Predicting the Response of Single-Cell Expression to Perturbation",scPreGAN,2022,article,Bioinformatics,"Wei, Xiajie and Dong, Jiayi and Wang, Fei","Wei, Xiajie",10.1093/bioinformatics/btac357,https://doi.org/10.1093/bioinformatics/btac357,https://doi.org/10.1093/bioinformatics/btac357,https://github.com/JaneJiayiDong/scPreGAN; https://github.com/JaneJiayiDong/scPreGAN-reproducibility,https://github.com/JaneJiayiDong/scPreGAN (mentioned_in_paper); https://github.com/JaneJiayiDong/scPreGAN-reproducibility (mentioned_in_paper),,model_paper,perturbation_response_modeling; single_cell_rna_seq,,34,4.55534806,benchmark_evaluated,Evaluated in the cellular-context generalization scenario of scPerturBench.,not_established,Available local metadata does not establish this capability.,not_established,Available local metadata does not establish this capability.,not_established,Available local metadata does not establish this capability.,,not_established,Available local metadata does not establish this capability.,,True,False,False,False,False,,,,metrics-db/bib/papers.bib,metrics-db/data/papers/scPreGAN.yaml,Notebook word-cloud filter: category=model_paper; tags include perturbation_response_modeling and single_cell_rna_seq; notebook exclusions applied,notebooks/metric_benchmark_correlations_dataframe.ipynb
SCREEN,SCREEN: Predicting Single-Cell Gene Expression Perturbation Responses via Optimal Transport,screen,2024,article,Frontiers of Computer Science,"Wang, Haixin and Wang, Yunhan and Jiang, Qun and Zhang, Yan and Chen, Shengquan","Wang, Haixin",10.1007/s11704-024-31014-9,https://doi.org/10.1007/s11704-024-31014-9,https://doi.org/10.1007/s11704-024-31014-9,,,,model_paper,perturbation_response_modeling; single_cell_rna_seq,,4,2.60943791,benchmark_evaluated,Evaluated in the cellular-context generalization scenario of scPerturBench.,not_established,Available local metadata does not establish this capability.,not_established,Available local metadata does not establish this capability.,not_established,Available local metadata does not establish this capability.,,not_established,Available local metadata does not establish this capability.,,True,False,False,False,False,,,,metrics-db/bib/papers.bib,metrics-db/data/papers/screen.yaml,Notebook word-cloud filter: category=model_paper; tags include perturbation_response_modeling and single_cell_rna_seq; notebook exclusions applied,notebooks/metric_benchmark_correlations_dataframe.ipynb
scREPA,scREPA: Predicting Single-Cell Perturbation Responses with Cycle-Consistent Representation Alignment,scREPA,2026,article,Computational Biology and Chemistry,"Wang, Yuchen and Chen, Xingjian and Li, Xiangtao and Wong, Ka-Chun","Wang, Yuchen",10.1016/j.compbiolchem.2025.108712,https://doi.org/10.1016/j.compbiolchem.2025.108712,https://doi.org/10.1016/j.compbiolchem.2025.108712,,,,model_paper,perturbation_response_modeling; single_cell_rna_seq,,0,1.0,explicit_paper_claim,Paper reports generalization to unseen conditions and cross-study settings.,not_established,Available local metadata does not establish this capability.,not_established,Available local metadata does not establish this capability.,not_established,Available local metadata does not establish this capability.,,not_established,Available local metadata does not establish this capability.,,False,False,False,False,False,metrics-db/pdfs/scREPA.pdf,metrics-db/extracted_markdown/scREPA.md,,metrics-db/bib/papers.bib,metrics-db/data/papers/scREPA.yaml,Notebook word-cloud filter: category=model_paper; tags include perturbation_response_modeling and single_cell_rna_seq; notebook exclusions applied,notebooks/metric_benchmark_correlations_dataframe.ipynb
scVIDR,Generative Modeling of Single-Cell Gene Expression for Dose-Dependent Chemical Perturbations,scVIDR,2023,article,Patterns,"Kana, Omar and Nault, Rance and Filipovic, David and Marri, Daniel and Zacharewski, Tim and Bhattacharya, Sudin","Kana, Omar",10.1016/j.patter.2023.100817,https://doi.org/10.1016/j.patter.2023.100817,https://doi.org/10.1016/j.patter.2023.100817,,,,model_paper,perturbation_response_modeling; single_cell_rna_seq,,39,4.68887945,benchmark_evaluated,Evaluated in the cellular-context generalization scenario of scPerturBench.,not_established,Available local metadata does not establish this capability.,scope_only,"Paper addresses chemical perturbations, but local metadata does not establish held-out-perturbation evaluation.",not_established,Available local metadata does not establish this capability.,,not_established,Available local metadata does not establish this capability.,,True,False,False,False,False,,,,metrics-db/bib/papers.bib,metrics-db/data/papers/scVIDR.yaml,Notebook word-cloud filter: category=model_paper; tags include perturbation_response_modeling and single_cell_rna_seq; notebook exclusions applied,notebooks/metric_benchmark_correlations_dataframe.ipynb
Squidiff,Squidiff: Predicting Cellular Development and Responses to Perturbations Using a Diffusion Model,squidiff,2025,article,Nature Methods,"He, Siyu and Zhu, Yuefei and Tavakol, Daniel Naveed and Ye, Haotian and Lao, Yeh-Hsing and Zhu, Zixian and Xu, Cong and Chauhan, Shradha and Garty, Guy and Tomer, Raju and Vunjak-Novakovic, Gordana and Zou, James and Azizi, Elham and Leong, Kam W.","He, Siyu",10.1038/s41592-025-02877-y,https://doi.org/10.1038/s41592-025-02877-y,https://doi.org/10.1038/s41592-025-02877-y,https://github.com/siyuh/Squidiff; https://github.com/siyuh/Squidiff_reproducibility,https://github.com/siyuh/Squidiff (reproducibility); https://github.com/siyuh/Squidiff_reproducibility (reproducibility),,model_paper,perturbation_response_modeling; single_cell_rna_seq,,25,4.25809654,not_established,Available local metadata does not establish this capability.,not_established,Available local metadata does not establish this capability.,not_established,Available local metadata does not establish this capability.,not_established,Available local metadata does not establish this capability.,,directly_evaluated,Paper holds out two-drug combinations and predicts them from single-drug data; validation uses 4i imaging rather than scRNA-seq.,4i melanoma imaging,False,False,False,False,False,metrics-db/pdfs/squidiff.pdf,metrics-db/extracted_markdown/squidiff.md,metrics-db/extracted_text/squidiff.txt,metrics-db/bib/papers.bib,metrics-db/data/papers/squidiff.yaml,Notebook word-cloud filter: category=model_paper; tags include perturbation_response_modeling and single_cell_rna_seq; notebook exclusions applied,notebooks/metric_benchmark_correlations_dataframe.ipynb
Stack,Stack: In-Context Learning of Single-Cell Biology,stack,2026,article,bioRxiv,"Dong, Mingze and Adduri, Abhinav and Gautam, Dhruv and Carpenter, Christopher and Shah, Rohan and Ricci-Tam, Chiara and Kluger, Yuval and Burke, Dave P and Roohani, Yusuf H","Dong, Mingze",10.64898/2026.01.09.698608,https://doi.org/10.64898/2026.01.09.698608,https://connect.biorxiv.org/relate/content/224/channel,https://github.com/ArcInstitute/stack,https://github.com/ArcInstitute/stack (official|primary),,model_paper,perturbation_response_modeling; single_cell_rna_seq,,7,3.07944154,not_established,Available local metadata does not establish this capability.,not_established,Available local metadata does not establish this capability.,not_established,Available local metadata does not establish this capability.,not_established,Available local metadata does not establish this capability.,,not_established,Available local metadata does not establish this capability.,,False,False,False,False,False,metrics-db/pdfs/stack.pdf,metrics-db/extracted_markdown/stack.md,metrics-db/extracted_text/stack.txt,metrics-db/bib/papers.bib,metrics-db/data/papers/stack.yaml,Notebook word-cloud filter: category=model_paper; tags include perturbation_response_modeling and single_cell_rna_seq; notebook exclusions applied,notebooks/metric_benchmark_correlations_dataframe.ipynb
STAMP,Toward Subtask-Decomposition-Based Learning and Benchmarking for Predicting Genetic Perturbation Outcomes and Beyond,stamp,2024,article,Nature Computational Science,"Gao, Yicheng and Wei, Zhiting and Dong, Kejing and Chen, Ke and Yang, Jingya and Chuai, Guohui and Liu, Qi","Gao, Yicheng",10.1038/s43588-024-00698-1,https://doi.org/10.1038/s43588-024-00698-1,https://doi.org/10.1038/s43588-024-00698-1,https://github.com/bm2-lab/STAMP,https://github.com/bm2-lab/STAMP (official|primary),,model_paper,perturbation_response_modeling; single_cell_rna_seq,,13,3.63905733,not_established,Available local metadata does not establish this capability.,scope_only,"Paper addresses genetic perturbations, but local metadata does not establish held-out-perturbation evaluation.",not_established,Available local metadata does not establish this capability.,not_established,Available local metadata does not establish this capability.,,not_established,Available local metadata does not establish this capability.,,False,False,False,False,False,metrics-db/pdfs/stamp.pdf,metrics-db/extracted_markdown/stamp.md,metrics-db/extracted_text/stamp.txt,metrics-db/bib/papers.bib,metrics-db/data/papers/stamp.yaml,Notebook word-cloud filter: category=model_paper; tags include perturbation_response_modeling and single_cell_rna_seq; notebook exclusions applied,notebooks/metric_benchmark_correlations_dataframe.ipynb
State,Predicting Cellular Responses to Perturbation across Diverse Contexts with State,state,2025,article,bioRxiv,"Adduri, Abhinav K. and Gautam, Dhruv and Bevilacqua, Beatrice and Imran, Alishba and Shah, Rohan and Naghipourfar, Mohsen and Teyssier, Noam and Ilango, Rajesh and others and Leskovec, Jure and Gilbert, Luke A. and Konermann, Silvana and Hsu, Patrick D. and Dobin, Alexander and Burke, Dave P. and Goodarzi, Hani and Roohani, Yusuf H.","Adduri, Abhinav K.",10.1101/2025.06.26.661135,https://doi.org/10.1101/2025.06.26.661135,https://doi.org/10.1101/2025.06.26.661135,https://github.com/ArcInstitute/Cell-eval; https://github.com/ArcInstitute/Cell-load; https://github.com/ArcInstitute/State; https://github.com/ArcInstitute/State-reproduce,https://github.com/ArcInstitute/Cell-eval (cell-eval|cell_eval); https://github.com/ArcInstitute/Cell-load (cell_load); https://github.com/ArcInstitute/State (primary); https://github.com/ArcInstitute/State-reproduce (reproducibility),,model_paper; metric_paper,perturbation_response_modeling; single_cell_rna_seq,"Introduces the STATE Embedding (SE), the STATE Transition (ST) model, and the cell-eval python package.",68,5.2341065,explicit_paper_claim,Title explicitly describes perturbation-response prediction across diverse contexts.,not_established,Available local metadata does not establish this capability.,scope_only,"Paper addresses chemical perturbations, but local metadata does not establish held-out-perturbation evaluation.",not_established,Available local metadata does not establish this capability.,,not_established,Available local metadata does not establish this capability.,,False,False,False,False,False,metrics-db/pdfs/state.pdf,metrics-db/extracted_markdown/state.md,metrics-db/extracted_text/state.txt,metrics-db/bib/papers.bib,metrics-db/data/papers/state.yaml,Notebook word-cloud filter: category=model_paper; tags include perturbation_response_modeling and single_cell_rna_seq; notebook exclusions applied,notebooks/metric_benchmark_correlations_dataframe.ipynb
StateXDiff,StateXDiff: Cell State-Contextualized Multimodal Diffusion for Single-Cell Perturbation Prediction,stateXDiff,2026,misc,arXiv,"Shi, Peiting and Que, Ningfeng and Huang, Xianzhe and Wang, Xiaofei and Xi, Jianzhong Jeff","Shi, Peiting",10.48550/arXiv.2605.16104,https://doi.org/10.48550/arXiv.2605.16104,https://doi.org/10.48550/arXiv.2605.16104,,,,model_paper,perturbation_response_modeling; single_cell_rna_seq,,0,1.0,explicit_paper_claim,Paper explicitly evaluates unseen-cell-line generalization.,not_established,Available local metadata does not establish this capability.,explicit_paper_claim,Paper explicitly evaluates unseen-drug generalization.,not_established,Available local metadata does not establish this capability.,,directly_evaluated,"Paper evaluates held-out multi-drug combinations under Comb-Seen0, Comb-Seen1, and Comb-Seen2 splits.",sciPlex3-comb,False,False,False,False,False,metrics-db/pdfs/stateXDiff.pdf,metrics-db/extracted_markdown/stateXDiff.md,,metrics-db/bib/papers.bib,metrics-db/data/papers/stateXDiff.yaml,Notebook word-cloud filter: category=model_paper; tags include perturbation_response_modeling and single_cell_rna_seq; notebook exclusions applied,notebooks/metric_benchmark_correlations_dataframe.ipynb
STRAND,STRAND: Sequence-Conditioned Transport for Single-Cell Perturbations,strand,2026,article,arXiv,"Fu, Boyang and Dasoulas, George and Gabbita, Sameer and Lin, Xiang and Gao, Shanghua and Su, Xiaorui and Ghosh, Soumya and Zitnik, Marinka","Fu, Boyang",10.48550/arXiv.2602.10156,https://doi.org/10.48550/arXiv.2602.10156,https://doi.org/10.48550/arXiv.2602.10156,,,,model_paper,perturbation_response_modeling; single_cell_rna_seq,,0,1.0,not_established,Available local metadata does not establish this capability.,scope_only,"Paper addresses genetic perturbations, but local metadata does not establish held-out-perturbation evaluation.",not_established,Available local metadata does not establish this capability.,not_established,Available local metadata does not establish this capability.,,not_established,Available local metadata does not establish this capability.,,False,False,False,False,False,metrics-db/pdfs/strand.pdf,metrics-db/extracted_markdown/strand.md,metrics-db/extracted_text/strand.txt,metrics-db/bib/papers.bib,metrics-db/data/papers/strand.yaml,Notebook word-cloud filter: category=model_paper; tags include perturbation_response_modeling and single_cell_rna_seq; notebook exclusions applied,notebooks/metric_benchmark_correlations_dataframe.ipynb
sVAE+,Learning Causal Representations of Single Cells via Sparse Mechanism Shift Modeling,sVAEplus,2023,misc,arXiv,"Lopez, Romain and Tagasovska, Nata\v sa and Ra, Stephen and Cho, Kyunghyn and Pritchard, Jonathan K. and Regev, Aviv","Lopez, Romain",10.48550/arXiv.2211.03553,https://doi.org/10.48550/arXiv.2211.03553,https://doi.org/10.48550/arXiv.2211.03553,https://github.com/Genentech/sVAE,https://github.com/Genentech/sVAE (official),,model_paper,perturbation_response_modeling; single_cell_rna_seq,,14,3.7080502,not_established,Available local metadata does not establish this capability.,scope_only,"Paper addresses genetic perturbations, but local metadata does not establish held-out-perturbation evaluation.",scope_only,"Paper addresses chemical perturbations, but local metadata does not establish held-out-perturbation evaluation.",applied_to_combination_data,Paper applies the model to Norman data containing single- and double-gene interventions; a dedicated unseen-combination split is not established.,Norman2019,not_established,Available local metadata does not establish this capability.,,False,False,False,False,False,metrics-db/pdfs/sVAEplus.pdf,metrics-db/extracted_markdown/sVAEplus.md,,metrics-db/bib/papers.bib,metrics-db/data/papers/sVAEplus.yaml,Notebook word-cloud filter: category=model_paper; tags include perturbation_response_modeling and single_cell_rna_seq; notebook exclusions applied,notebooks/metric_benchmark_correlations_dataframe.ipynb
SynthPert,SynthPert: Enhancing LLM Biological Reasoning via Synthetic Reasoning Traces for Cellular Perturbation Prediction,SynthPert,2025,misc,arXiv,"Phillips, Lawrence and Martell, Marc Boubnovski and Misra, Aditya and Stoisser, Josefa Lia and Prada-Medina, Cesar A. and Donovan-Maiye, Rory and Märtens, Kaspar","Phillips, Lawrence",10.48550/arXiv.2509.25346,https://doi.org/10.48550/arXiv.2509.25346,https://doi.org/10.48550/arXiv.2509.25346,,,,model_paper,perturbation_response_modeling; single_cell_rna_seq,,1,1.69314718,explicit_paper_claim,Paper reports cross-cell-type generalization to unseen RPE1 cells.,scope_only,"Paper addresses genetic perturbations, but local metadata does not establish held-out-perturbation evaluation.",not_established,Available local metadata does not establish this capability.,not_established,Available local metadata does not establish this capability.,,not_established,Available local metadata does not establish this capability.,,False,False,False,False,False,metrics-db/pdfs/SynthPert.pdf,metrics-db/extracted_markdown/SynthPert.md,,metrics-db/bib/papers.bib,metrics-db/data/papers/SynthPert.yaml,Notebook word-cloud filter: category=model_paper; tags include perturbation_response_modeling and single_cell_rna_seq; notebook exclusions applied,notebooks/metric_benchmark_correlations_dataframe.ipynb
TabPFN / TabICL,Tabular Foundation Models Are Competitive Cellular Perturbation Predictors Across Biological Scales,pallaTabularFoundationModels2026,2026,misc,bioRxiv,"Palla, Giovanni and Hillsley, Alexander and Kim, Yang-Joon and Royer, Loic A.","Palla, Giovanni",10.64898/2026.06.28.735106,https://doi.org/10.64898/2026.06.28.735106,https://doi.org/10.64898/2026.06.28.735106,https://github.com/royerlab/tfm-perturbation,https://github.com/royerlab/tfm-perturbation (reproducibility),,model_paper; benchmark_paper,perturbation_response_modeling; single_cell_rna_seq; cell_imaging,,0,1.0,explicit_paper_claim,Paper explicitly evaluates cross-cell-type perturbation prediction.,scope_only,"Paper addresses genetic perturbations, but local metadata does not establish held-out-perturbation evaluation.",scope_only,"Paper addresses chemical perturbations, but local metadata does not establish held-out-perturbation evaluation.",applied_to_combination_data,"Paper includes combinatorial knockouts in a held-out-timepoint task, not a dedicated unseen-combination split.",ZSCAPE,not_established,Available local metadata does not establish this capability.,,False,False,False,False,False,,metrics-db/extracted_markdown/pallaTabularFoundationModels2026.md,,metrics-db/bib/papers.bib,metrics-db/data/papers/pallaTabularFoundationModels2026.yaml,Notebook word-cloud filter: category=model_paper; tags include perturbation_response_modeling and single_cell_rna_seq; notebook exclusions applied,notebooks/metric_benchmark_correlations_dataframe.ipynb
trVAE,Conditional Out-of-Distribution Generation for Unpaired Data Using Transfer VAE,trVAE,2020,article,Bioinformatics,"Lotfollahi, Mohammad and Naghipourfar, Mohsen and Theis, Fabian J and Wolf, F Alexander","Lotfollahi, Mohammad",10.1093/bioinformatics/btaa800,https://doi.org/10.1093/bioinformatics/btaa800,https://doi.org/10.1093/bioinformatics/btaa800,,,,model_paper,perturbation_response_modeling; single_cell_rna_seq,,143,5.9698133,benchmark_evaluated,Evaluated in the cellular-context generalization scenario of scPerturBench.,not_established,Available local metadata does not establish this capability.,not_established,Available local metadata does not establish this capability.,not_established,Available local metadata does not establish this capability.,,not_established,Available local metadata does not establish this capability.,,True,False,False,False,False,metrics-db/pdfs/trVAE.pdf,metrics-db/extracted_markdown/trVAE.md,,metrics-db/bib/papers.bib,metrics-db/data/papers/trVAE.yaml,Notebook word-cloud filter: category=model_paper; tags include perturbation_response_modeling and single_cell_rna_seq; notebook exclusions applied,notebooks/metric_benchmark_correlations_dataframe.ipynb
TxPert,TxPert: Leveraging Biochemical Relationships for Out-of-Distribution Transcriptomic Perturbation Prediction,txpert,2025,article,arXiv,"Wenkel, Frederik and Tu, Wilson and Masschelein, Cassandra and Shirzad, Hamed and Eastwood, Cian and Whitfield, Shawn T. and Bendidi, Ihab and Russell, Craig and Hodgson, Liam and Mesbahi, Yassir El and Ding, Jiarui and Fay, Marta M. and Earnshaw, Berton and Noutahi, Emmanuel and Denton, Alisandra K.","Wenkel, Frederik",10.48550/arXiv.2505.14919,https://doi.org/10.48550/arXiv.2505.14919,https://doi.org/10.48550/arXiv.2505.14919,https://github.com/valence-labs/TxPert,https://github.com/valence-labs/TxPert (reproducibility),,model_paper,perturbation_response_modeling; single_cell_rna_seq,Introduces a batch-matched Pearson-delta evaluation setup across three OOD perturbation-prediction tasks.,2,2.09861229,explicit_paper_claim,Paper explicitly evaluates an unseen-cell-line out-of-distribution setting.,explicit_paper_claim,Paper explicitly evaluates unseen single and double genetic perturbations.,not_established,Available local metadata does not establish this capability.,directly_evaluated,Paper explicitly benchmarks novel double-gene perturbation prediction.,Norman2019,not_established,Available local metadata does not establish this capability.,,False,False,False,False,False,metrics-db/pdfs/txpert.pdf,metrics-db/extracted_markdown/txpert.md,metrics-db/extracted_text/txpert.txt,metrics-db/bib/papers.bib,metrics-db/data/papers/txpert.yaml,Notebook word-cloud filter: category=model_paper; tags include perturbation_response_modeling and single_cell_rna_seq; notebook exclusions applied,notebooks/metric_benchmark_correlations_dataframe.ipynb
Unlasting,Unlasting: Unpaired Single-Cell Multi-Perturbation Estimation by Dual Conditional Diffusion Implicit Bridges,unlasting,2025,article,arXiv,"Chi, Changxi and Xia, Jun and Huang, Yufei and Zhou, Jingbo and Li, Siyuan and Liu, Yunfan and Yu, Chang and Li, Stan Z.","Chi, Changxi",10.48550/arXiv.2506.21107,https://doi.org/10.48550/arXiv.2506.21107,https://doi.org/10.48550/arXiv.2506.21107,,,,model_paper,perturbation_response_modeling; single_cell_rna_seq,,0,1.0,not_established,Available local metadata does not establish this capability.,not_established,Available local metadata does not establish this capability.,not_established,Available local metadata does not establish this capability.,directly_evaluated,Paper trains on single-gene data and predicts double-gene perturbations.,Norman2019,not_established,Available local metadata does not establish this capability.,,False,False,False,False,False,metrics-db/pdfs/unlasting.pdf,metrics-db/extracted_markdown/unlasting.md,metrics-db/extracted_text/unlasting.txt,metrics-db/bib/papers.bib,metrics-db/data/papers/unlasting.yaml,Notebook word-cloud filter: category=model_paper; tags include perturbation_response_modeling and single_cell_rna_seq; notebook exclusions applied,notebooks/metric_benchmark_correlations_dataframe.ipynb
VCI,Counterfactual Generative Modeling with Variational Causal Inference,vci,2025,misc,arXiv,"Wu, Yulun and McConnell, Louie and Iriondo, Claudia","Wu, Yulun",10.48550/arXiv.2410.12730,https://doi.org/10.48550/arXiv.2410.12730,https://doi.org/10.48550/arXiv.2410.12730,https://github.com/yulun-rayn/variational-causal-inference,https://github.com/yulun-rayn/variational-causal-inference (official),,model_paper,perturbation_response_modeling; single_cell_rna_seq,,0,1.0,not_established,Available local metadata does not establish this capability.,not_established,Available local metadata does not establish this capability.,not_established,Available local metadata does not establish this capability.,not_established,Available local metadata does not establish this capability.,,not_established,Available local metadata does not establish this capability.,,False,False,False,False,False,,metrics-db/extracted_markdown/vci.md,,metrics-db/bib/papers.bib,metrics-db/data/papers/vci.yaml,Notebook word-cloud filter: category=model_paper; tags include perturbation_response_modeling and single_cell_rna_seq; notebook exclusions applied,notebooks/metric_benchmark_correlations_dataframe.ipynb
X-Cell,X-Cell: Scaling Causal Perturbation Prediction Across Diverse Cellular Contexts via Diffusion Language Models,xcell,2026,article,bioRxiv,"Wang, Chloe and Karimzadeh, Mehran and Ravindra, Neal G and Bounds, Lexi R and Alerasool, Nader and Huang, Ann C and Ma, Shihao and Gulbranson, Daniel R and others and Barner, Adam and Wright, Philip and Rumsey, Elizabeth M and Kim, Soohong and Sit, Rene V and Litterman, Adam J and Chu, Ci and Wang, Bo","Wang, Chloe",10.64898/2026.03.18.712807,https://doi.org/10.64898/2026.03.18.712807,https://www.biorxiv.org/content/10.64898/2026.03.18.712807v1,https://github.com/xaira-therapeutics/x-cell,https://github.com/xaira-therapeutics/x-cell (primary),,model_paper,perturbation_response_modeling; single_cell_rna_seq; cell_imaging; cell_painting,"Introduces X-Cell and X-Cell-Ultra, large-scale perturbation foundation models trained on the X-Atlas/Pisces corpus and evaluated with DEG-focused and perturbation-specificity metrics.",6,2.94591015,explicit_paper_claim,Title explicitly describes perturbation prediction across diverse cellular contexts.,scope_only,"Paper addresses genetic perturbations, but local metadata does not establish held-out-perturbation evaluation.",not_established,Available local metadata does not establish this capability.,not_established,Available local metadata does not establish this capability.,,not_established,Available local metadata does not establish this capability.,,False,False,False,False,False,metrics-db/pdfs/xcell.pdf,metrics-db/extracted_markdown/xcell.md,metrics-db/extracted_text/xcell.txt,metrics-db/bib/papers.bib,metrics-db/data/papers/xcell.yaml,Notebook word-cloud filter: category=model_paper; tags include perturbation_response_modeling and single_cell_rna_seq; notebook exclusions applied,notebooks/metric_benchmark_correlations_dataframe.ipynb
X-Pert,Unified Multimodal Learning Enables Generalized Cellular Response Prediction to Diverse Perturbations,x-pert,2026,misc,bioRxiv,"Li, Chen and Wei, Lei and Zhang, Xuegong","Li, Chen",10.1101/2025.11.13.688367,https://doi.org/10.1101/2025.11.13.688367,https://doi.org/10.1101/2025.11.13.688367,https://github.com/Chen-Li-17/X-Pert,https://github.com/Chen-Li-17/X-Pert (official),,model_paper,perturbation_response_modeling; single_cell_rna_seq,,1,1.69314718,explicit_paper_claim,Paper explicitly reports generalization across cell types.,not_established,Available local metadata does not establish this capability.,scope_only,"Paper addresses chemical perturbations, but local metadata does not establish held-out-perturbation evaluation.",directly_evaluated,Paper evaluates one-unseen and two-unseen double-gene combinations.,Norman2019,explicit_support_only,"Architecture supports simultaneous genetic and chemical perturbations, but the paper's combination evaluation is genetic.",,False,False,False,False,False,metrics-db/pdfs/x-pert.pdf,metrics-db/extracted_markdown/x-pert.md,,metrics-db/bib/papers.bib,metrics-db/data/papers/x-pert.yaml,Notebook word-cloud filter: category=model_paper; tags include perturbation_response_modeling and single_cell_rna_seq; notebook exclusions applied,notebooks/metric_benchmark_correlations_dataframe.ipynb
